Class,File,Duration (s),Sample Rate,Channels
Belly or Physical pain,D1_Belly_or_Physical_pain_0001.wav,7.0,16000,1
Belly or Physical pain,D1_Belly_or_Physical_pain_0002.wav,7.0,16000,1
Belly or Physical pain,D1_Belly_or_Physical_pain_0003.wav,7.0,16000,1
Belly or Physical pain,D1_Belly_or_Physical_pain_0004.wav,7.0,16000,1
Belly or Physical pain,D1_Belly_or_Physical_pain_0005.wav,7.0,16000,1
Belly or Physical pain,D1_Belly_or_Physical_pain_0006.wav,7.0,16000,1
Belly or Physical pain,D1_Belly_or_Physical_pain_0007.wav,7.0,16000,1
Belly or Physical pain,D1_Belly_or_Physical_pain_0008.wav,7.0,16000,1
Belly or Physical pain,D1_Belly_or_Physical_pain_0009.wav,7.0,16000,1
Belly or Physical pain,D1_Belly_or_Physical_pain_0010.wav,7.0,16000,1
Belly or Physical pain,D1_Belly_or_Physical_pain_0011.wav,7.0,16000,1
Belly or Physical pain,D1_Belly_or_Physical_pain_0012.wav,7.0,16000,1
Belly or Physical pain,D1_Belly_or_Physical_pain_0013.wav,7.0,16000,1
Belly or Physical pain,D1_Belly_or_Physical_pain_0014.wav,7.0,16000,1
Belly or Physical pain,D1_Belly_or_Physical_pain_0015.wav,7.0,16000,1
Belly or Physical pain,D1_Belly_or_Physical_pain_0016.wav,7.0,16000,1
Belly or Physical pain,D1_Belly_or_Physical_pain_0017.wav,7.0,16000,1
Belly or Physical pain,D1_Belly_or_Physical_pain_0018.wav,7.0,16000,1
Belly or Physical pain,D1_Belly_or_Physical_pain_0019.wav,7.0,16000,1
Belly or Physical pain,D1_Belly_or_Physical_pain_0020.wav,7.0,16000,1
Belly or Physical pain,D1_Belly_or_Physical_pain_0021.wav,7.0,16000,1
Belly or Physical pain,D1_Belly_or_Physical_pain_0022.wav,7.0,16000,1
Belly or Physical pain,D1_Belly_or_Physical_pain_0023.wav,7.0,16000,1
Belly or Physical pain,D1_Belly_or_Physical_pain_0024.wav,7.0,16000,1
Belly or Physical pain,D1_Belly_or_Physical_pain_0025.wav,7.0,16000,1
Belly or Physical pain,D1_Belly_or_Physical_pain_0026.wav,7.0,16000,1
Belly or Physical pain,D1_Belly_or_Physical_pain_0027.wav,7.0,16000,1
Belly or Physical pain,D1_Belly_or_Physical_pain_0028.wav,7.0,16000,1
Belly or Physical pain,D1_Belly_or_Physical_pain_0029.wav,7.0,16000,1
Belly or Physical pain,D1_Belly_or_Physical_pain_0030.wav,7.0,16000,1
Belly or Physical pain,D1_Belly_or_Physical_pain_0031.wav,7.0,16000,1
Belly or Physical pain,D1_Belly_or_Physical_pain_0032.wav,7.0,16000,1
Belly or Physical pain,D1_Belly_or_Physical_pain_0033.wav,7.0,16000,1
Belly or Physical pain,D1_Belly_or_Physical_pain_0034.wav,7.0,16000,1
Belly or Physical pain,D1_Belly_or_Physical_pain_0035.wav,7.0,16000,1
Belly or Physical pain,D1_Belly_or_Physical_pain_0036.wav,7.0,16000,1
Belly or Physical pain,D1_Belly_or_Physical_pain_0037.wav,7.0,16000,1
Belly or Physical pain,D1_Belly_or_Physical_pain_0038.wav,7.0,16000,1
Belly or Physical pain,D1_Belly_or_Physical_pain_0039.wav,7.0,16000,1
Belly or Physical pain,D1_Belly_or_Physical_pain_0040.wav,7.0,16000,1
Belly or Physical pain,D1_Belly_or_Physical_pain_0041.wav,7.0,16000,1
Belly or Physical pain,D1_Belly_or_Physical_pain_0042.wav,7.0,16000,1
Belly or Physical pain,D1_Belly_or_Physical_pain_0043.wav,7.0,16000,1
Belly or Physical pain,D1_Belly_or_Physical_pain_0044.wav,7.0,16000,1
Belly or Physical pain,D1_Belly_or_Physical_pain_0045.wav,5.0,16000,1
Belly or Physical pain,D1_Belly_or_Physical_pain_0046.wav,5.0,16000,1
Belly or Physical pain,D1_Belly_or_Physical_pain_0047.wav,5.0,16000,1
Belly or Physical pain,D1_Belly_or_Physical_pain_0048.wav,5.0,16000,1
Belly or Physical pain,D1_Belly_or_Physical_pain_0049.wav,5.0,16000,1
Belly or Physical pain,D1_Belly_or_Physical_pain_0050.wav,5.0,16000,1
Belly or Physical pain,D1_Belly_or_Physical_pain_0051.wav,5.0,16000,1
Belly or Physical pain,D1_Belly_or_Physical_pain_0052.wav,5.0,16000,1
Belly or Physical pain,D1_Belly_or_Physical_pain_0053.wav,5.0,16000,1
Belly or Physical pain,D1_Belly_or_Physical_pain_0054.wav,5.0,16000,1
Belly or Physical pain,D1_Belly_or_Physical_pain_0055.wav,5.0,16000,1
Belly or Physical pain,D1_Belly_or_Physical_pain_0056.wav,5.0,16000,1
Belly or Physical pain,D1_Belly_or_Physical_pain_0057.wav,5.0,16000,1
Belly or Physical pain,D1_Belly_or_Physical_pain_0058.wav,5.0,16000,1
Belly or Physical pain,D1_Belly_or_Physical_pain_0059.wav,5.0,16000,1
Belly or Physical pain,D1_Belly_or_Physical_pain_0060.wav,5.0,16000,1
Belly or Physical pain,D1_Belly_or_Physical_pain_0061.wav,5.0,16000,1
Belly or Physical pain,D1_Belly_or_Physical_pain_0062.wav,5.0,16000,1
Belly or Physical pain,D1_Belly_or_Physical_pain_0063.wav,5.0,16000,1
Belly or Physical pain,D1_Belly_or_Physical_pain_0064.wav,5.0,16000,1
Belly or Physical pain,D1_Belly_or_Physical_pain_0065.wav,5.0,16000,1
Belly or Physical pain,D1_Belly_or_Physical_pain_0066.wav,5.0,16000,1
Belly or Physical pain,D1_Belly_or_Physical_pain_0067.wav,5.0,16000,1
Belly or Physical pain,D1_Belly_or_Physical_pain_0068.wav,5.0,16000,1
Belly or Physical pain,D1_Belly_or_Physical_pain_0069.wav,5.0,16000,1
Belly or Physical pain,D1_Belly_or_Physical_pain_0070.wav,5.0,16000,1
Belly or Physical pain,D1_Belly_or_Physical_pain_0071.wav,5.0,16000,1
Belly or Physical pain,D1_Belly_or_Physical_pain_0072.wav,5.0,16000,1
Belly or Physical pain,D1_Belly_or_Physical_pain_0073.wav,5.0,16000,1
Belly or Physical pain,D1_Belly_or_Physical_pain_0074.wav,5.0,16000,1
Belly or Physical pain,D1_Belly_or_Physical_pain_0075.wav,5.0,16000,1
Belly or Physical pain,D1_Belly_or_Physical_pain_0076.wav,5.0,16000,1
Belly or Physical pain,D1_Belly_or_Physical_pain_0077.wav,5.0,16000,1
Belly or Physical pain,D1_Belly_or_Physical_pain_0078.wav,5.0,16000,1
Belly or Physical pain,D1_Belly_or_Physical_pain_0079.wav,5.0,16000,1
Belly or Physical pain,D1_Belly_or_Physical_pain_0080.wav,5.0,16000,1
Belly or Physical pain,D1_Belly_or_Physical_pain_0081.wav,5.0,16000,1
Belly or Physical pain,D1_Belly_or_Physical_pain_0082.wav,5.0,16000,1
Belly or Physical pain,D1_Belly_or_Physical_pain_0083.wav,5.0,16000,1
Belly or Physical pain,D1_Belly_or_Physical_pain_0084.wav,5.0,16000,1
Belly or Physical pain,D1_Belly_or_Physical_pain_0085.wav,5.0,16000,1
Belly or Physical pain,D1_Belly_or_Physical_pain_0086.wav,6.86,16000,1
Belly or Physical pain,D1_Belly_or_Physical_pain_0087.wav,6.94,16000,1
Belly or Physical pain,D1_Belly_or_Physical_pain_0088.wav,6.96,16000,1
Belly or Physical pain,D1_Belly_or_Physical_pain_0089.wav,6.92,16000,1
Belly or Physical pain,D1_Belly_or_Physical_pain_0090.wav,6.96,16000,1
Belly or Physical pain,D1_Belly_or_Physical_pain_0091.wav,6.94,16000,1
Belly or Physical pain,D1_Belly_or_Physical_pain_0092.wav,7.04,16000,1
Belly or Physical pain,D1_Belly_or_Physical_pain_0093.wav,6.88,16000,1
Belly or Physical pain,D1_Belly_or_Physical_pain_0094.wav,6.92,16000,1
Belly or Physical pain,D1_Belly_or_Physical_pain_0095.wav,6.9,16000,1
Belly or Physical pain,D1_Belly_or_Physical_pain_0096.wav,6.9,16000,1
Belly or Physical pain,D1_Belly_or_Physical_pain_0097.wav,6.92,16000,1
Belly or Physical pain,D1_Belly_or_Physical_pain_0098.wav,7.02,16000,1
Belly or Physical pain,D1_Belly_or_Physical_pain_0099.wav,6.86,16000,1
Belly or Physical pain,D1_Belly_or_Physical_pain_0100.wav,6.92,16000,1
Belly or Physical pain,D1_Belly_or_Physical_pain_0101.wav,6.92,16000,1
Belly or Physical pain,D1_Belly_or_Physical_pain_0102.wav,6.94,16000,1
Belly or Physical pain,D1_Belly_or_Physical_pain_0103.wav,6.88,16000,1
Belly or Physical pain,D1_Belly_or_Physical_pain_0104.wav,6.9,16000,1
Belly or Physical pain,D1_Belly_or_Physical_pain_0105.wav,6.9,16000,1
Belly or Physical pain,D1_Belly_or_Physical_pain_0106.wav,6.96,16000,1
Belly or Physical pain,D1_Belly_or_Physical_pain_0107.wav,6.96,16000,1
Belly or Physical pain,D1_Belly_or_Physical_pain_0108.wav,6.52,16000,1
Belly or Physical pain,D1_Belly_or_Physical_pain_0109.wav,6.86,16000,1
Belly or Physical pain,D1_Belly_or_Physical_pain_0110.wav,7.0,16000,1
Belly or Physical pain,D1_Belly_or_Physical_pain_0111.wav,7.0,16000,1
Belly or Physical pain,D1_Belly_or_Physical_pain_0112.wav,7.0,16000,1
Belly or Physical pain,D1_Belly_or_Physical_pain_0113.wav,7.0,16000,1
Belly or Physical pain,D1_Belly_or_Physical_pain_0114.wav,7.0,16000,1
Belly or Physical pain,D1_Belly_or_Physical_pain_0115.wav,7.0,16000,1
Belly or Physical pain,D1_Belly_or_Physical_pain_0116.wav,7.0,16000,1
Belly or Physical pain,D1_Belly_or_Physical_pain_0117.wav,7.0,16000,1
Belly or Physical pain,D1_Belly_or_Physical_pain_0118.wav,7.0,16000,1
Belly or Physical pain,D1_Belly_or_Physical_pain_0119.wav,6.9,16000,1
Belly or Physical pain,D1_Belly_or_Physical_pain_0121.wav,7.0,16000,1
Belly or Physical pain,D1_Belly_or_Physical_pain_0122.wav,6.82,16000,1
Belly or Physical pain,D1_Belly_or_Physical_pain_0123.wav,6.84,16000,1
Belly or Physical pain,D1_Belly_or_Physical_pain_0124.wav,6.84,16000,1
Belly or Physical pain,D2_Belly_or_Physical_pain_0125.wav,6.86,16000,1
Belly or Physical pain,D2_Belly_or_Physical_pain_0126.wav,6.9,16000,1
Belly or Physical pain,D2_Belly_or_Physical_pain_0127.wav,6.96,16000,1
Belly or Physical pain,D2_Belly_or_Physical_pain_0128.wav,6.82,16000,1
Belly or Physical pain,D2_Belly_or_Physical_pain_0129.wav,6.84,16000,1
Belly or Physical pain,D2_Belly_or_Physical_pain_0130.wav,6.84,16000,1
Belly or Physical pain,D3_Belly_or_Physical_pain_0131.wav,3.99,16000,1
Belly or Physical pain,D3_Belly_or_Physical_pain_0132.wav,3.99,16000,1
Belly or Physical pain,D3_Belly_or_Physical_pain_0133.wav,4.89,16000,1
Belly or Physical pain,D3_Belly_or_Physical_pain_0134.wav,3.99,16000,1
Belly or Physical pain,D3_Belly_or_Physical_pain_0135.wav,3.36,16000,1
Belly or Physical pain,D3_Belly_or_Physical_pain_0136.wav,3.99,16000,1
Belly or Physical pain,D3_Belly_or_Physical_pain_0137.wav,2.34,16000,1
Belly or Physical pain,D3_Belly_or_Physical_pain_0138.wav,3.99,16000,1
Belly or Physical pain,D3_Belly_or_Physical_pain_0139.wav,3.45,16000,1
Belly or Physical pain,D3_Belly_or_Physical_pain_0140.wav,3.27,16000,1
Belly or Physical pain,D3_Belly_or_Physical_pain_0141.wav,3.75,16000,1
Belly or Physical pain,D3_Belly_or_Physical_pain_0142.wav,3.99,16000,1
Belly or Physical pain,D3_Belly_or_Physical_pain_0143.wav,3.15,16000,1
Belly or Physical pain,D3_Belly_or_Physical_pain_0144.wav,1.41,16000,1
Belly or Physical pain,D3_Belly_or_Physical_pain_0145.wav,3.99,16000,1
Belly or Physical pain,D3_Belly_or_Physical_pain_0146.wav,4.98,16000,1
Belly or Physical pain,D3_Belly_or_Physical_pain_0147.wav,3.24,16000,1
Belly or Physical pain,D3_Belly_or_Physical_pain_0148.wav,3.15,16000,1
Belly or Physical pain,D3_Belly_or_Physical_pain_0149.wav,3.51,16000,1
Belly or Physical pain,D3_Belly_or_Physical_pain_0150.wav,3.57,16000,1
Belly or Physical pain,D3_Belly_or_Physical_pain_0151.wav,3.99,16000,1
Belly or Physical pain,D3_Belly_or_Physical_pain_0152.wav,1.38,16000,1
Belly or Physical pain,D3_Belly_or_Physical_pain_0153.wav,3.99,16000,1
Belly or Physical pain,D3_Belly_or_Physical_pain_0154.wav,3.39,16000,1
Belly or Physical pain,D3_Belly_or_Physical_pain_0155.wav,3.99,16000,1
Belly or Physical pain,D3_Belly_or_Physical_pain_0156.wav,3.42,16000,1
Belly or Physical pain,D3_Belly_or_Physical_pain_0157.wav,1.41,16000,1
Belly or Physical pain,D3_Belly_or_Physical_pain_0158.wav,3.99,16000,1
Belly or Physical pain,D3_Belly_or_Physical_pain_0159.wav,3.9,16000,1
Belly or Physical pain,D3_Belly_or_Physical_pain_0160.wav,3.27,16000,1
Belly or Physical pain,D3_Belly_or_Physical_pain_0161.wav,3.99,16000,1
Belly or Physical pain,D3_Belly_or_Physical_pain_0162.wav,3.33,16000,1
Belly or Physical pain,D3_Belly_or_Physical_pain_0163.wav,3.24,16000,1
Belly or Physical pain,D3_Belly_or_Physical_pain_0164.wav,3.99,16000,1
Belly or Physical pain,D3_Belly_or_Physical_pain_0165.wav,3.99,16000,1
Belly or Physical pain,D3_Belly_or_Physical_pain_0166.wav,3.99,16000,1
Belly or Physical pain,D3_Belly_or_Physical_pain_0167.wav,6.99,16000,1
Belly or Physical pain,D3_Belly_or_Physical_pain_0168.wav,2.76,16000,1
Belly or Physical pain,D3_Belly_or_Physical_pain_0169.wav,6.99,16000,1
Belly or Physical pain,D3_Belly_or_Physical_pain_0170.wav,3.99,16000,1
Belly or Physical pain,D3_Belly_or_Physical_pain_0171.wav,4.98,16000,1
Belly or Physical pain,D3_Belly_or_Physical_pain_0172.wav,3.99,16000,1
Belly or Physical pain,D3_Belly_or_Physical_pain_0173.wav,3.99,16000,1
Belly or Physical pain,D3_Belly_or_Physical_pain_0174.wav,3.99,16000,1
Belly or Physical pain,D3_Belly_or_Physical_pain_0175.wav,3.51,16000,1
Belly or Physical pain,D3_Belly_or_Physical_pain_0176.wav,3.99,16000,1
Belly or Physical pain,D3_Belly_or_Physical_pain_0177.wav,3.99,16000,1
Belly or Physical pain,D3_Belly_or_Physical_pain_0178.wav,3.39,16000,1
Belly or Physical pain,D3_Belly_or_Physical_pain_0179.wav,3.99,16000,1
Belly or Physical pain,D3_Belly_or_Physical_pain_0180.wav,3.99,16000,1
Belly or Physical pain,D3_Belly_or_Physical_pain_0181.wav,3.72,16000,1
Belly or Physical pain,D3_Belly_or_Physical_pain_0182.wav,6.99,16000,1
Belly or Physical pain,D3_Belly_or_Physical_pain_0183.wav,3.99,16000,1
Belly or Physical pain,D3_Belly_or_Physical_pain_0184.wav,3.99,16000,1
Belly or Physical pain,D3_Belly_or_Physical_pain_0185.wav,1.29,16000,1
Belly or Physical pain,D3_Belly_or_Physical_pain_0186.wav,3.99,16000,1
Belly or Physical pain,D3_Belly_or_Physical_pain_0187.wav,6.27,16000,1
Belly or Physical pain,D3_Belly_or_Physical_pain_0188.wav,3.99,16000,1
Belly or Physical pain,D3_Belly_or_Physical_pain_0189.wav,3.99,16000,1
Belly or Physical pain,D3_Belly_or_Physical_pain_0190.wav,4.86,16000,1
Belly or Physical pain,D3_Belly_or_Physical_pain_0191.wav,3.99,16000,1
Belly or Physical pain,D3_Belly_or_Physical_pain_0192.wav,3.99,16000,1
Belly or Physical pain,D3_Belly_or_Physical_pain_0193.wav,3.99,16000,1
Belly or Physical pain,D3_Belly_or_Physical_pain_0194.wav,3.99,16000,1
Belly or Physical pain,D3_Belly_or_Physical_pain_0195.wav,3.99,16000,1
Belly or Physical pain,D3_Belly_or_Physical_pain_0196.wav,3.69,16000,1
Belly or Physical pain,D3_Belly_or_Physical_pain_0197.wav,3.45,16000,1
Belly or Physical pain,D3_Belly_or_Physical_pain_0198.wav,3.99,16000,1
Belly or Physical pain,D3_Belly_or_Physical_pain_0199.wav,2.94,16000,1
Belly or Physical pain,D3_Belly_or_Physical_pain_0200.wav,3.27,16000,1
Belly or Physical pain,D3_Belly_or_Physical_pain_0201.wav,3.99,16000,1
Belly or Physical pain,D3_Belly_or_Physical_pain_0202.wav,3.99,16000,1
Belly or Physical pain,D3_Belly_or_Physical_pain_0203.wav,1.41,16000,1
Belly or Physical pain,D3_Belly_or_Physical_pain_0204.wav,3.99,16000,1
Belly or Physical pain,D3_Belly_or_Physical_pain_0205.wav,2.82,16000,1
Belly or Physical pain,D3_Belly_or_Physical_pain_0206.wav,4.98,16000,1
Belly or Physical pain,D3_Belly_or_Physical_pain_0207.wav,3.99,16000,1
Belly or Physical pain,D3_Belly_or_Physical_pain_0208.wav,3.99,16000,1
Belly or Physical pain,D3_Belly_or_Physical_pain_0209.wav,6.9,16000,1
Belly or Physical pain,D3_Belly_or_Physical_pain_0210.wav,3.99,16000,1
Belly or Physical pain,D3_Belly_or_Physical_pain_0211.wav,3.99,16000,1
Belly or Physical pain,D3_Belly_or_Physical_pain_0212.wav,3.99,16000,1
Belly or Physical pain,D3_Belly_or_Physical_pain_0213.wav,3.99,16000,1
Belly or Physical pain,D3_Belly_or_Physical_pain_0214.wav,3.99,16000,1
Belly or Physical pain,D3_Belly_or_Physical_pain_0215.wav,3.99,16000,1
Belly or Physical pain,D3_Belly_or_Physical_pain_0216.wav,3.99,16000,1
Belly or Physical pain,D3_Belly_or_Physical_pain_0217.wav,3.99,16000,1
Belly or Physical pain,D3_Belly_or_Physical_pain_0218.wav,3.99,16000,1
Belly or Physical pain,D3_Belly_or_Physical_pain_0219.wav,3.36,16000,1
Belly or Physical pain,D3_Belly_or_Physical_pain_0220.wav,3.99,16000,1
Belly or Physical pain,D3_Belly_or_Physical_pain_0221.wav,4.98,16000,1
Belly or Physical pain,D3_Belly_or_Physical_pain_0222.wav,3.39,16000,1
Belly or Physical pain,D3_Belly_or_Physical_pain_0223.wav,3.36,16000,1
Belly or Physical pain,D3_Belly_or_Physical_pain_0224.wav,3.27,16000,1
Belly or Physical pain,D3_Belly_or_Physical_pain_0225.wav,3.21,16000,1
Belly or Physical pain,D3_Belly_or_Physical_pain_0226.wav,3.99,16000,1
Belly or Physical pain,D3_Belly_or_Physical_pain_0227.wav,3.99,16000,1
Belly or Physical pain,D3_Belly_or_Physical_pain_0228.wav,3.24,16000,1
Belly or Physical pain,D3_Belly_or_Physical_pain_0229.wav,3.99,16000,1
Belly or Physical pain,D3_Belly_or_Physical_pain_0230.wav,3.27,16000,1
Belly or Physical pain,D3_Belly_or_Physical_pain_0231.wav,3.99,16000,1
Belly or Physical pain,D3_Belly_or_Physical_pain_0232.wav,1.41,16000,1
Belly or Physical pain,D3_Belly_or_Physical_pain_0233.wav,1.29,16000,1
Belly or Physical pain,D3_Belly_or_Physical_pain_0234.wav,3.39,16000,1
Belly or Physical pain,D3_Belly_or_Physical_pain_0235.wav,4.98,16000,1
Belly or Physical pain,D3_Belly_or_Physical_pain_0236.wav,3.78,16000,1
Belly or Physical pain,D3_Belly_or_Physical_pain_0237.wav,3.99,16000,1
Belly or Physical pain,D3_Belly_or_Physical_pain_0238.wav,3.99,16000,1
Belly or Physical pain,D3_Belly_or_Physical_pain_0239.wav,3.99,16000,1
Belly or Physical pain,D3_Belly_or_Physical_pain_0240.wav,3.99,16000,1
Belly or Physical pain,D3_Belly_or_Physical_pain_0241.wav,3.99,16000,1
Belly or Physical pain,D3_Belly_or_Physical_pain_0242.wav,3.78,16000,1
Belly or Physical pain,D3_Belly_or_Physical_pain_0243.wav,4.98,16000,1
Belly or Physical pain,D3_Belly_or_Physical_pain_0244.wav,3.99,16000,1
Belly or Physical pain,D3_Belly_or_Physical_pain_0245.wav,3.39,16000,1
Belly or Physical pain,D3_Belly_or_Physical_pain_0246.wav,3.6,16000,1
Belly or Physical pain,D3_Belly_or_Physical_pain_0247.wav,3.99,16000,1
Belly or Physical pain,D3_Belly_or_Physical_pain_0248.wav,4.98,16000,1
Belly or Physical pain,D3_Belly_or_Physical_pain_0249.wav,1.29,16000,1
Belly or Physical pain,D3_Belly_or_Physical_pain_0250.wav,3.99,16000,1
Belly or Physical pain,D3_Belly_or_Physical_pain_0251.wav,3.09,16000,1
Belly or Physical pain,D3_Belly_or_Physical_pain_0252.wav,3.99,16000,1
Belly or Physical pain,D3_Belly_or_Physical_pain_0253.wav,3.99,16000,1
Belly or Physical pain,D3_Belly_or_Physical_pain_0254.wav,6.81,16000,1
Belly or Physical pain,D3_Belly_or_Physical_pain_0255.wav,1.41,16000,1
Belly or Physical pain,D3_Belly_or_Physical_pain_0256.wav,3.24,16000,1
Belly or Physical pain,D3_Belly_or_Physical_pain_0257.wav,1.59,16000,1
Belly or Physical pain,D3_Belly_or_Physical_pain_0258.wav,1.29,16000,1
Belly or Physical pain,D3_Belly_or_Physical_pain_0259.wav,1.38,16000,1
Belly or Physical pain,D3_Belly_or_Physical_pain_0260.wav,1.41,16000,1
Belly or Physical pain,D3_Belly_or_Physical_pain_0261.wav,4.98,16000,1
Belly or Physical pain,D3_Belly_or_Physical_pain_0262.wav,1.29,16000,1
Belly or Physical pain,D3_Belly_or_Physical_pain_0263.wav,3.48,16000,1
Belly or Physical pain,D3_Belly_or_Physical_pain_0264.wav,3.99,16000,1
Belly or Physical pain,D3_Belly_or_Physical_pain_0265.wav,3.99,16000,1
Belly or Physical pain,D3_Belly_or_Physical_pain_0266.wav,6.99,16000,1
Belly or Physical pain,D3_Belly_or_Physical_pain_0267.wav,3.33,16000,1
Belly or Physical pain,D3_Belly_or_Physical_pain_0268.wav,3.99,16000,1
Belly or Physical pain,D3_Belly_or_Physical_pain_0269.wav,4.98,16000,1
Belly or Physical pain,D3_Belly_or_Physical_pain_0270.wav,3.39,16000,1
Belly or Physical pain,D3_Belly_or_Physical_pain_0271.wav,3.99,16000,1
Belly or Physical pain,D3_Belly_or_Physical_pain_0272.wav,3.99,16000,1
Belly or Physical pain,D3_Belly_or_Physical_pain_0273.wav,3.99,16000,1
Belly or Physical pain,D3_Belly_or_Physical_pain_0274.wav,3.66,16000,1
Belly or Physical pain,D3_Belly_or_Physical_pain_0275.wav,3.99,16000,1
Belly or Physical pain,D3_Belly_or_Physical_pain_0276.wav,1.29,16000,1
Belly or Physical pain,D3_Belly_or_Physical_pain_0277.wav,3.99,16000,1
Belly or Physical pain,D3_Belly_or_Physical_pain_0278.wav,3.99,16000,1
Belly or Physical pain,D3_Belly_or_Physical_pain_0279.wav,6.99,16000,1
Belly or Physical pain,D3_Belly_or_Physical_pain_0280.wav,3.99,16000,1
Belly or Physical pain,D3_Belly_or_Physical_pain_0281.wav,3.66,16000,1
Belly or Physical pain,D3_Belly_or_Physical_pain_0282.wav,1.56,16000,1
Belly or Physical pain,D3_Belly_or_Physical_pain_0283.wav,3.42,16000,1
Belly or Physical pain,D3_Belly_or_Physical_pain_0284.wav,1.44,16000,1
Belly or Physical pain,D3_Belly_or_Physical_pain_0285.wav,3.96,16000,1
Belly or Physical pain,D3_Belly_or_Physical_pain_0286.wav,4.98,16000,1
Belly or Physical pain,D3_Belly_or_Physical_pain_0287.wav,3.33,16000,1
Belly or Physical pain,D3_Belly_or_Physical_pain_0288.wav,3.99,16000,1
Belly or Physical pain,D3_Belly_or_Physical_pain_0289.wav,3.99,16000,1
Belly or Physical pain,D3_Belly_or_Physical_pain_0290.wav,4.98,16000,1
Belly or Physical pain,D3_Belly_or_Physical_pain_0291.wav,6.99,16000,1
Belly or Physical pain,D3_Belly_or_Physical_pain_0292.wav,3.39,16000,1
Belly or Physical pain,D3_Belly_or_Physical_pain_0293.wav,6.9,16000,1
Belly or Physical pain,D3_Belly_or_Physical_pain_0294.wav,3.33,16000,1
Belly or Physical pain,D3_Belly_or_Physical_pain_0295.wav,3.3,16000,1
Belly or Physical pain,D3_Belly_or_Physical_pain_0296.wav,1.29,16000,1
Belly or Physical pain,D3_Belly_or_Physical_pain_0297.wav,3.99,16000,1
Belly or Physical pain,D3_Belly_or_Physical_pain_0298.wav,3.99,16000,1
Belly or Physical pain,D3_Belly_or_Physical_pain_0299.wav,3.99,16000,1
Belly or Physical pain,D3_Belly_or_Physical_pain_0300.wav,3.99,16000,1
Belly or Physical pain,D3_Belly_or_Physical_pain_0301.wav,4.98,16000,1
Belly or Physical pain,D3_Belly_or_Physical_pain_0302.wav,3.99,16000,1
Belly or Physical pain,D3_Belly_or_Physical_pain_0303.wav,3.99,16000,1
Belly or Physical pain,D3_Belly_or_Physical_pain_0304.wav,3.99,16000,1
Belly or Physical pain,D3_Belly_or_Physical_pain_0305.wav,3.99,16000,1
Belly or Physical pain,D3_Belly_or_Physical_pain_0306.wav,3.99,16000,1
Belly or Physical pain,D3_Belly_or_Physical_pain_0307.wav,3.99,16000,1
Belly or Physical pain,D3_Belly_or_Physical_pain_0308.wav,3.42,16000,1
Belly or Physical pain,D3_Belly_or_Physical_pain_0309.wav,3.99,16000,1
Belly or Physical pain,D3_Belly_or_Physical_pain_0310.wav,1.38,16000,1
Belly or Physical pain,D3_Belly_or_Physical_pain_0311.wav,3.69,16000,1
Belly or Physical pain,D3_Belly_or_Physical_pain_0312.wav,3.36,16000,1
Belly or Physical pain,D3_Belly_or_Physical_pain_0313.wav,3.99,16000,1
Belly or Physical pain,D3_Belly_or_Physical_pain_0314.wav,3.99,16000,1
Belly or Physical pain,D3_Belly_or_Physical_pain_0315.wav,3.78,16000,1
Belly or Physical pain,D3_Belly_or_Physical_pain_0316.wav,3.99,16000,1
Belly or Physical pain,D3_Belly_or_Physical_pain_0317.wav,3.99,16000,1
Belly or Physical pain,D3_Belly_or_Physical_pain_0318.wav,3.99,16000,1
Belly or Physical pain,D3_Belly_or_Physical_pain_0319.wav,3.99,16000,1
Belly or Physical pain,D3_Belly_or_Physical_pain_0320.wav,3.99,16000,1
Belly or Physical pain,D3_Belly_or_Physical_pain_0321.wav,3.33,16000,1
Belly or Physical pain,D3_Belly_or_Physical_pain_0322.wav,4.98,16000,1
Belly or Physical pain,D3_Belly_or_Physical_pain_0323.wav,3.39,16000,1
Belly or Physical pain,D3_Belly_or_Physical_pain_0324.wav,3.99,16000,1
Belly or Physical pain,D3_Belly_or_Physical_pain_0325.wav,3.69,16000,1
Belly or Physical pain,D3_Belly_or_Physical_pain_0326.wav,6.96,16000,1
Belly or Physical pain,D3_Belly_or_Physical_pain_0327.wav,3.36,16000,1
Belly or Physical pain,D3_Belly_or_Physical_pain_0328.wav,3.99,16000,1
Belly or Physical pain,D3_Belly_or_Physical_pain_0329.wav,3.36,16000,1
Belly or Physical pain,D3_Belly_or_Physical_pain_0330.wav,1.5,16000,1
Belly or Physical pain,D3_Belly_or_Physical_pain_0331.wav,3.99,16000,1
Belly or Physical pain,D3_Belly_or_Physical_pain_0332.wav,3.99,16000,1
Belly or Physical pain,D3_Belly_or_Physical_pain_0333.wav,3.39,16000,1
Belly or Physical pain,D3_Belly_or_Physical_pain_0334.wav,3.33,16000,1
Belly or Physical pain,D3_Belly_or_Physical_pain_0335.wav,3.99,16000,1
Belly or Physical pain,D3_Belly_or_Physical_pain_0336.wav,3.99,16000,1
Belly or Physical pain,D3_Belly_or_Physical_pain_0337.wav,3.72,16000,1
Belly or Physical pain,D3_Belly_or_Physical_pain_0338.wav,1.35,16000,1
Belly or Physical pain,D3_Belly_or_Physical_pain_0339.wav,3.99,16000,1
Belly or Physical pain,D3_Belly_or_Physical_pain_0340.wav,3.99,16000,1
Belly or Physical pain,D3_Belly_or_Physical_pain_0341.wav,3.99,16000,1
Belly or Physical pain,D3_Belly_or_Physical_pain_0342.wav,3.99,16000,1
Belly or Physical pain,D3_Belly_or_Physical_pain_0343.wav,3.39,16000,1
Belly or Physical pain,D3_Belly_or_Physical_pain_0344.wav,3.42,16000,1
Belly or Physical pain,D3_Belly_or_Physical_pain_0345.wav,3.84,16000,1
Belly or Physical pain,D3_Belly_or_Physical_pain_0346.wav,3.42,16000,1
Belly or Physical pain,D3_Belly_or_Physical_pain_0347.wav,3.99,16000,1
Belly or Physical pain,D3_Belly_or_Physical_pain_0348.wav,3.99,16000,1
Belly or Physical pain,D3_Belly_or_Physical_pain_0349.wav,1.29,16000,1
Belly or Physical pain,D3_Belly_or_Physical_pain_0350.wav,3.24,16000,1
Belly or Physical pain,D3_Belly_or_Physical_pain_0351.wav,3.87,16000,1
Belly or Physical pain,D3_Belly_or_Physical_pain_0352.wav,3.27,16000,1
Belly or Physical pain,D3_Belly_or_Physical_pain_0353.wav,3.99,16000,1
Belly or Physical pain,D3_Belly_or_Physical_pain_0354.wav,4.98,16000,1
Belly or Physical pain,D3_Belly_or_Physical_pain_0355.wav,3.39,16000,1
Belly or Physical pain,D3_Belly_or_Physical_pain_0356.wav,3.99,16000,1
Belly or Physical pain,D3_Belly_or_Physical_pain_0357.wav,1.29,16000,1
Belly or Physical pain,D3_Belly_or_Physical_pain_0358.wav,3.99,16000,1
Belly or Physical pain,D3_Belly_or_Physical_pain_0359.wav,1.38,16000,1
Belly or Physical pain,D3_Belly_or_Physical_pain_0360.wav,3.99,16000,1
Belly or Physical pain,D3_Belly_or_Physical_pain_0361.wav,6.9,16000,1
Belly or Physical pain,D3_Belly_or_Physical_pain_0362.wav,6.99,16000,1
Belly or Physical pain,D3_Belly_or_Physical_pain_0363.wav,3.99,16000,1
Belly or Physical pain,D3_Belly_or_Physical_pain_0364.wav,1.38,16000,1
Belly or Physical pain,D3_Belly_or_Physical_pain_0365.wav,3.99,16000,1
Belly or Physical pain,D3_Belly_or_Physical_pain_0366.wav,3.21,16000,1
Belly or Physical pain,D3_Belly_or_Physical_pain_0367.wav,4.98,16000,1
Belly or Physical pain,D3_Belly_or_Physical_pain_0368.wav,3.99,16000,1
Belly or Physical pain,D3_Belly_or_Physical_pain_0369.wav,3.99,16000,1
Belly or Physical pain,D3_Belly_or_Physical_pain_0370.wav,3.39,16000,1
Belly or Physical pain,D3_Belly_or_Physical_pain_0371.wav,3.39,16000,1
Belly or Physical pain,D3_Belly_or_Physical_pain_0372.wav,3.27,16000,1
Belly or Physical pain,D3_Belly_or_Physical_pain_0373.wav,1.41,16000,1
Belly or Physical pain,D3_Belly_or_Physical_pain_0374.wav,3.99,16000,1
Belly or Physical pain,D3_Belly_or_Physical_pain_0375.wav,3.3,16000,1
Belly or Physical pain,D3_Belly_or_Physical_pain_0376.wav,4.98,16000,1
Belly or Physical pain,D3_Belly_or_Physical_pain_0377.wav,3.99,16000,1
Belly or Physical pain,D3_Belly_or_Physical_pain_0378.wav,3.99,16000,1
Belly or Physical pain,D3_Belly_or_Physical_pain_0379.wav,3.36,16000,1
Belly or Physical pain,D3_Belly_or_Physical_pain_0380.wav,3.99,16000,1
Belly or Physical pain,D3_Belly_or_Physical_pain_0381.wav,3.99,16000,1
Belly or Physical pain,D3_Belly_or_Physical_pain_0382.wav,3.12,16000,1
Belly or Physical pain,D3_Belly_or_Physical_pain_0383.wav,3.99,16000,1
Belly or Physical pain,D3_Belly_or_Physical_pain_0384.wav,3.99,16000,1
Belly or Physical pain,D3_Belly_or_Physical_pain_0385.wav,3.99,16000,1
Belly or Physical pain,D3_Belly_or_Physical_pain_0386.wav,4.98,16000,1
Belly or Physical pain,D3_Belly_or_Physical_pain_0387.wav,1.32,16000,1
Belly or Physical pain,D3_Belly_or_Physical_pain_0388.wav,3.39,16000,1
Belly or Physical pain,D3_Belly_or_Physical_pain_0389.wav,3.99,16000,1
Belly or Physical pain,D3_Belly_or_Physical_pain_0390.wav,3.36,16000,1
Belly or Physical pain,D3_Belly_or_Physical_pain_0391.wav,3.72,16000,1
Belly or Physical pain,D3_Belly_or_Physical_pain_0392.wav,3.99,16000,1
Belly or Physical pain,D3_Belly_or_Physical_pain_0393.wav,3.99,16000,1
Belly or Physical pain,D3_Belly_or_Physical_pain_0394.wav,3.99,16000,1
Belly or Physical pain,D3_Belly_or_Physical_pain_0395.wav,3.99,16000,1
Belly or Physical pain,D3_Belly_or_Physical_pain_0396.wav,3.99,16000,1
Belly or Physical pain,D3_Belly_or_Physical_pain_0397.wav,6.84,16000,1
Belly or Physical pain,D3_Belly_or_Physical_pain_0398.wav,3.72,16000,1
Belly or Physical pain,D3_Belly_or_Physical_pain_0399.wav,3.24,16000,1
Belly or Physical pain,D3_Belly_or_Physical_pain_0400.wav,3.45,16000,1
Belly or Physical pain,D3_Belly_or_Physical_pain_0401.wav,3.99,16000,1
Belly or Physical pain,D3_Belly_or_Physical_pain_0402.wav,3.33,16000,1
Belly or Physical pain,D3_Belly_or_Physical_pain_0403.wav,1.38,16000,1
Belly or Physical pain,D3_Belly_or_Physical_pain_0404.wav,3.99,16000,1
Belly or Physical pain,D3_Belly_or_Physical_pain_0405.wav,3.99,16000,1
Belly or Physical pain,D3_Belly_or_Physical_pain_0406.wav,6.9,16000,1
Belly or Physical pain,D3_Belly_or_Physical_pain_0407.wav,3.99,16000,1
Belly or Physical pain,D3_Belly_or_Physical_pain_0408.wav,3.99,16000,1
Belly or Physical pain,D3_Belly_or_Physical_pain_0409.wav,3.99,16000,1
Belly or Physical pain,D3_Belly_or_Physical_pain_0410.wav,3.99,16000,1
Belly or Physical pain,D3_Belly_or_Physical_pain_0411.wav,3.99,16000,1
Belly or Physical pain,D3_Belly_or_Physical_pain_0412.wav,3.99,16000,1
Belly or Physical pain,D3_Belly_or_Physical_pain_0413.wav,3.39,16000,1
Belly or Physical pain,D3_Belly_or_Physical_pain_0414.wav,3.99,16000,1
Belly or Physical pain,D3_Belly_or_Physical_pain_0415.wav,3.99,16000,1
Belly or Physical pain,D3_Belly_or_Physical_pain_0416.wav,6.87,16000,1
Belly or Physical pain,D3_Belly_or_Physical_pain_0417.wav,3.99,16000,1
Belly or Physical pain,D3_Belly_or_Physical_pain_0418.wav,3.39,16000,1
Belly or Physical pain,D3_Belly_or_Physical_pain_0419.wav,3.39,16000,1
Belly or Physical pain,D3_Belly_or_Physical_pain_0420.wav,3.99,16000,1
Belly or Physical pain,D3_Belly_or_Physical_pain_0421.wav,3.99,16000,1
Belly or Physical pain,D3_Belly_or_Physical_pain_0422.wav,1.29,16000,1
Belly or Physical pain,D3_Belly_or_Physical_pain_0423.wav,3.99,16000,1
Belly or Physical pain,D3_Belly_or_Physical_pain_0424.wav,3.99,16000,1
Belly or Physical pain,D3_Belly_or_Physical_pain_0425.wav,3.99,16000,1
Belly or Physical pain,D3_Belly_or_Physical_pain_0426.wav,6.99,16000,1
Belly or Physical pain,D3_Belly_or_Physical_pain_0427.wav,3.99,16000,1
Belly or Physical pain,D3_Belly_or_Physical_pain_0428.wav,3.39,16000,1
Belly or Physical pain,D3_Belly_or_Physical_pain_0429.wav,3.75,16000,1
Belly or Physical pain,D3_Belly_or_Physical_pain_0430.wav,4.98,16000,1
Belly or Physical pain,D3_Belly_or_Physical_pain_0431.wav,3.99,16000,1
Belly or Physical pain,D3_Belly_or_Physical_pain_0432.wav,3.99,16000,1
Belly or Physical pain,D3_Belly_or_Physical_pain_0433.wav,4.98,16000,1
Belly or Physical pain,D3_Belly_or_Physical_pain_0434.wav,1.41,16000,1
Belly or Physical pain,D3_Belly_or_Physical_pain_0435.wav,3.99,16000,1
Belly or Physical pain,D3_Belly_or_Physical_pain_0436.wav,3.99,16000,1
Belly or Physical pain,D3_Belly_or_Physical_pain_0437.wav,3.99,16000,1
Belly or Physical pain,D3_Belly_or_Physical_pain_0438.wav,1.38,16000,1
Belly or Physical pain,D3_Belly_or_Physical_pain_0439.wav,3.39,16000,1
Belly or Physical pain,D3_Belly_or_Physical_pain_0440.wav,3.72,16000,1
Belly or Physical pain,D3_Belly_or_Physical_pain_0441.wav,3.45,16000,1
Belly or Physical pain,D3_Belly_or_Physical_pain_0442.wav,3.24,16000,1
Belly or Physical pain,D3_Belly_or_Physical_pain_0443.wav,3.99,16000,1
Belly or Physical pain,D3_Belly_or_Physical_pain_0444.wav,3.99,16000,1
Belly or Physical pain,D3_Belly_or_Physical_pain_0445.wav,3.99,16000,1
Belly or Physical pain,D3_Belly_or_Physical_pain_0446.wav,3.99,16000,1
Belly or Physical pain,D3_Belly_or_Physical_pain_0447.wav,3.99,16000,1
Belly or Physical pain,D3_Belly_or_Physical_pain_0448.wav,3.99,16000,1
Belly or Physical pain,D3_Belly_or_Physical_pain_0449.wav,3.39,16000,1
Belly or Physical pain,D3_Belly_or_Physical_pain_0450.wav,3.99,16000,1
Belly or Physical pain,D3_Belly_or_Physical_pain_0451.wav,3.99,16000,1
Belly or Physical pain,D3_Belly_or_Physical_pain_0452.wav,3.99,16000,1
Belly or Physical pain,D3_Belly_or_Physical_pain_0453.wav,3.99,16000,1
Belly or Physical pain,D3_Belly_or_Physical_pain_0454.wav,4.98,16000,1
Belly or Physical pain,D3_Belly_or_Physical_pain_0455.wav,3.99,16000,1
Belly or Physical pain,D3_Belly_or_Physical_pain_0456.wav,3.03,16000,1
Belly or Physical pain,D3_Belly_or_Physical_pain_0457.wav,1.29,16000,1
Belly or Physical pain,D3_Belly_or_Physical_pain_0458.wav,3.99,16000,1
Belly or Physical pain,D3_Belly_or_Physical_pain_0459.wav,3.99,16000,1
Belly or Physical pain,D3_Belly_or_Physical_pain_0460.wav,3.99,16000,1
Belly or Physical pain,D3_Belly_or_Physical_pain_0461.wav,3.99,16000,1
Belly or Physical pain,D3_Belly_or_Physical_pain_0462.wav,3.39,16000,1
Belly or Physical pain,D3_Belly_or_Physical_pain_0463.wav,6.99,16000,1
Belly or Physical pain,D3_Belly_or_Physical_pain_0464.wav,6.99,16000,1
Belly or Physical pain,D3_Belly_or_Physical_pain_0465.wav,3.99,16000,1
Belly or Physical pain,D3_Belly_or_Physical_pain_0466.wav,3.99,16000,1
Belly or Physical pain,D3_Belly_or_Physical_pain_0467.wav,3.99,16000,1
Belly or Physical pain,D3_Belly_or_Physical_pain_0468.wav,3.99,16000,1
Belly or Physical pain,D3_Belly_or_Physical_pain_0469.wav,3.33,16000,1
Belly or Physical pain,D3_Belly_or_Physical_pain_0470.wav,3.99,16000,1
Belly or Physical pain,D3_Belly_or_Physical_pain_0471.wav,3.99,16000,1
Belly or Physical pain,D3_Belly_or_Physical_pain_0472.wav,3.99,16000,1
Belly or Physical pain,D3_Belly_or_Physical_pain_0473.wav,3.99,16000,1
Belly or Physical pain,D3_Belly_or_Physical_pain_0474.wav,3.51,16000,1
Belly or Physical pain,D3_Belly_or_Physical_pain_0475.wav,3.99,16000,1
Belly or Physical pain,D3_Belly_or_Physical_pain_0476.wav,3.99,16000,1
Belly or Physical pain,D3_Belly_or_Physical_pain_0477.wav,3.99,16000,1
Belly or Physical pain,D3_Belly_or_Physical_pain_0478.wav,3.99,16000,1
Belly or Physical pain,D3_Belly_or_Physical_pain_0479.wav,3.72,16000,1
Belly or Physical pain,D3_Belly_or_Physical_pain_0480.wav,1.35,16000,1
Belly or Physical pain,D3_Belly_or_Physical_pain_0481.wav,3.33,16000,1
Belly or Physical pain,D3_Belly_or_Physical_pain_0482.wav,3.99,16000,1
Belly or Physical pain,D3_Belly_or_Physical_pain_0483.wav,3.99,16000,1
Belly or Physical pain,D3_Belly_or_Physical_pain_0484.wav,3.39,16000,1
Belly or Physical pain,D3_Belly_or_Physical_pain_0485.wav,3.99,16000,1
Belly or Physical pain,D3_Belly_or_Physical_pain_0486.wav,3.87,16000,1
Belly or Physical pain,D3_Belly_or_Physical_pain_0487.wav,3.33,16000,1
Belly or Physical pain,D3_Belly_or_Physical_pain_0488.wav,3.99,16000,1
Belly or Physical pain,D3_Belly_or_Physical_pain_0489.wav,3.99,16000,1
Belly or Physical pain,D3_Belly_or_Physical_pain_0490.wav,3.99,16000,1
Belly or Physical pain,D3_Belly_or_Physical_pain_0491.wav,3.99,16000,1
Belly or Physical pain,D3_Belly_or_Physical_pain_0492.wav,6.03,16000,1
Belly or Physical pain,D3_Belly_or_Physical_pain_0493.wav,3.39,16000,1
Belly or Physical pain,D3_Belly_or_Physical_pain_0494.wav,3.27,16000,1
Belly or Physical pain,D3_Belly_or_Physical_pain_0495.wav,3.99,16000,1
Belly or Physical pain,D3_Belly_or_Physical_pain_0496.wav,3.99,16000,1
Belly or Physical pain,D3_Belly_or_Physical_pain_0497.wav,3.99,16000,1
Belly or Physical pain,D3_Belly_or_Physical_pain_0498.wav,3.78,16000,1
Belly or Physical pain,D3_Belly_or_Physical_pain_0499.wav,3.6,16000,1
Belly or Physical pain,D3_Belly_or_Physical_pain_0500.wav,3.99,16000,1
Belly or Physical pain,D3_Belly_or_Physical_pain_0501.wav,3.99,16000,1
Belly or Physical pain,D3_Belly_or_Physical_pain_0502.wav,1.38,16000,1
Belly or Physical pain,D3_Belly_or_Physical_pain_0503.wav,3.3,16000,1
Belly or Physical pain,D3_Belly_or_Physical_pain_0504.wav,3.39,16000,1
Belly or Physical pain,D3_Belly_or_Physical_pain_0505.wav,3.45,16000,1
Belly or Physical pain,D3_Belly_or_Physical_pain_0506.wav,3.99,16000,1
Belly or Physical pain,D3_Belly_or_Physical_pain_0507.wav,3.99,16000,1
Belly or Physical pain,D3_Belly_or_Physical_pain_0508.wav,3.27,16000,1
Belly or Physical pain,D3_Belly_or_Physical_pain_0509.wav,1.29,16000,1
Belly or Physical pain,D3_Belly_or_Physical_pain_0510.wav,1.41,16000,1
Belly or Physical pain,D3_Belly_or_Physical_pain_0511.wav,6.96,16000,1
Belly or Physical pain,D3_Belly_or_Physical_pain_0512.wav,4.98,16000,1
Belly or Physical pain,D3_Belly_or_Physical_pain_0513.wav,3.69,16000,1
Belly or Physical pain,D3_Belly_or_Physical_pain_0514.wav,1.29,16000,1
Belly or Physical pain,D3_Belly_or_Physical_pain_0515.wav,1.41,16000,1
Belly or Physical pain,D3_Belly_or_Physical_pain_0516.wav,4.98,16000,1
Belly or Physical pain,D3_Belly_or_Physical_pain_0517.wav,3.42,16000,1
Belly or Physical pain,D3_Belly_or_Physical_pain_0518.wav,3.99,16000,1
Belly or Physical pain,D3_Belly_or_Physical_pain_0519.wav,3.99,16000,1
Belly or Physical pain,D3_Belly_or_Physical_pain_0520.wav,7.02,16000,1
Belly or Physical pain,D3_Belly_or_Physical_pain_0521.wav,3.39,16000,1
Belly or Physical pain,D3_Belly_or_Physical_pain_0522.wav,3.99,16000,1
Belly or Physical pain,D3_Belly_or_Physical_pain_0523.wav,6.99,16000,1
Belly or Physical pain,D3_Belly_or_Physical_pain_0524.wav,3.42,16000,1
Belly or Physical pain,D3_Belly_or_Physical_pain_0525.wav,6.84,16000,1
Belly or Physical pain,D3_Belly_or_Physical_pain_0526.wav,3.99,16000,1
Belly or Physical pain,D3_Belly_or_Physical_pain_0527.wav,2.85,16000,1
Belly or Physical pain,D3_Belly_or_Physical_pain_0528.wav,3.27,16000,1
Belly or Physical pain,D3_Belly_or_Physical_pain_0529.wav,4.98,16000,1
Belly or Physical pain,D3_Belly_or_Physical_pain_0530.wav,7.02,16000,1
Belly or Physical pain,D3_Belly_or_Physical_pain_0531.wav,3.24,16000,1
Belly or Physical pain,D3_Belly_or_Physical_pain_0532.wav,1.38,16000,1
Belly or Physical pain,D3_Belly_or_Physical_pain_0533.wav,3.99,16000,1
Belly or Physical pain,D3_Belly_or_Physical_pain_0534.wav,3.42,16000,1
Belly or Physical pain,D3_Belly_or_Physical_pain_0535.wav,1.59,16000,1
Belly or Physical pain,D3_Belly_or_Physical_pain_0536.wav,3.75,16000,1
Belly or Physical pain,D3_Belly_or_Physical_pain_0537.wav,3.99,16000,1
Belly or Physical pain,D3_Belly_or_Physical_pain_0538.wav,3.3,16000,1
Belly or Physical pain,D3_Belly_or_Physical_pain_0539.wav,3.99,16000,1
Belly or Physical pain,D3_Belly_or_Physical_pain_0540.wav,3.99,16000,1
Belly or Physical pain,D3_Belly_or_Physical_pain_0541.wav,3.3,16000,1
Belly or Physical pain,D3_Belly_or_Physical_pain_0542.wav,3.3,16000,1
Belly or Physical pain,D3_Belly_or_Physical_pain_0543.wav,3.42,16000,1
Belly or Physical pain,D3_Belly_or_Physical_pain_0544.wav,3.99,16000,1
Belly or Physical pain,D3_Belly_or_Physical_pain_0545.wav,3.99,16000,1
Belly or Physical pain,D3_Belly_or_Physical_pain_0546.wav,3.21,16000,1
Belly or Physical pain,D3_Belly_or_Physical_pain_0547.wav,3.99,16000,1
Belly or Physical pain,D3_Belly_or_Physical_pain_0548.wav,3.99,16000,1
Belly or Physical pain,D3_Belly_or_Physical_pain_0549.wav,3.6,16000,1
Belly or Physical pain,D3_Belly_or_Physical_pain_0550.wav,3.42,16000,1
Belly or Physical pain,D3_Belly_or_Physical_pain_0551.wav,3.39,16000,1
Belly or Physical pain,D3_Belly_or_Physical_pain_0552.wav,3.99,16000,1
Belly or Physical pain,D3_Belly_or_Physical_pain_0553.wav,3.3,16000,1
Belly or Physical pain,D3_Belly_or_Physical_pain_0554.wav,3.87,16000,1
Belly or Physical pain,D3_Belly_or_Physical_pain_0555.wav,3.96,16000,1
Belly or Physical pain,D3_Belly_or_Physical_pain_0556.wav,1.35,16000,1
Belly or Physical pain,D3_Belly_or_Physical_pain_0557.wav,3.36,16000,1
Belly or Physical pain,D3_Belly_or_Physical_pain_0558.wav,3.99,16000,1
Belly or Physical pain,D3_Belly_or_Physical_pain_0559.wav,3.99,16000,1
Belly or Physical pain,D3_Belly_or_Physical_pain_0560.wav,1.29,16000,1
Belly or Physical pain,D3_Belly_or_Physical_pain_0561.wav,1.32,16000,1
Belly or Physical pain,D3_Belly_or_Physical_pain_0562.wav,3.99,16000,1
Belly or Physical pain,D3_Belly_or_Physical_pain_0563.wav,3.99,16000,1
Belly or Physical pain,D3_Belly_or_Physical_pain_0564.wav,3.99,16000,1
Belly or Physical pain,D3_Belly_or_Physical_pain_0565.wav,3.12,16000,1
Belly or Physical pain,D3_Belly_or_Physical_pain_0566.wav,3.99,16000,1
Belly or Physical pain,D3_Belly_or_Physical_pain_0567.wav,1.29,16000,1
Belly or Physical pain,D3_Belly_or_Physical_pain_0568.wav,3.42,16000,1
Belly or Physical pain,D3_Belly_or_Physical_pain_0569.wav,3.99,16000,1
Belly or Physical pain,D3_Belly_or_Physical_pain_0570.wav,3.99,16000,1
Belly or Physical pain,D3_Belly_or_Physical_pain_0571.wav,3.99,16000,1
Belly or Physical pain,D3_Belly_or_Physical_pain_0572.wav,1.62,16000,1
Belly or Physical pain,D3_Belly_or_Physical_pain_0573.wav,3.99,16000,1
Belly or Physical pain,D3_Belly_or_Physical_pain_0574.wav,3.99,16000,1
Belly or Physical pain,D3_Belly_or_Physical_pain_0575.wav,3.36,16000,1
Belly or Physical pain,D3_Belly_or_Physical_pain_0576.wav,3.99,16000,1
Belly or Physical pain,D3_Belly_or_Physical_pain_0577.wav,3.99,16000,1
Belly or Physical pain,D3_Belly_or_Physical_pain_0578.wav,3.99,16000,1
Belly or Physical pain,D3_Belly_or_Physical_pain_0579.wav,3.99,16000,1
Belly or Physical pain,D3_Belly_or_Physical_pain_0580.wav,3.99,16000,1
Belly or Physical pain,D3_Belly_or_Physical_pain_0581.wav,1.29,16000,1
Belly or Physical pain,D3_Belly_or_Physical_pain_0582.wav,3.24,16000,1
Belly or Physical pain,D3_Belly_or_Physical_pain_0583.wav,1.38,16000,1
Belly or Physical pain,D3_Belly_or_Physical_pain_0584.wav,3.42,16000,1
Belly or Physical pain,D3_Belly_or_Physical_pain_0585.wav,6.9,16000,1
Belly or Physical pain,D3_Belly_or_Physical_pain_0586.wav,3.36,16000,1
Belly or Physical pain,D3_Belly_or_Physical_pain_0587.wav,3.99,16000,1
Belly or Physical pain,D3_Belly_or_Physical_pain_0588.wav,1.38,16000,1
Belly or Physical pain,D3_Belly_or_Physical_pain_0589.wav,3.99,16000,1
Belly or Physical pain,D3_Belly_or_Physical_pain_0590.wav,1.47,16000,1
Belly or Physical pain,D3_Belly_or_Physical_pain_0591.wav,3.9,16000,1
Belly or Physical pain,D3_Belly_or_Physical_pain_0592.wav,3.27,16000,1
Belly or Physical pain,D3_Belly_or_Physical_pain_0593.wav,1.41,16000,1
Belly or Physical pain,D3_Belly_or_Physical_pain_0594.wav,3.99,16000,1
Belly or Physical pain,D3_Belly_or_Physical_pain_0595.wav,3.42,16000,1
Belly or Physical pain,D3_Belly_or_Physical_pain_0596.wav,3.99,16000,1
Belly or Physical pain,D3_Belly_or_Physical_pain_0597.wav,3.45,16000,1
Belly or Physical pain,D3_Belly_or_Physical_pain_0598.wav,3.99,16000,1
Belly or Physical pain,D3_Belly_or_Physical_pain_0599.wav,3.24,16000,1
Belly or Physical pain,D3_Belly_or_Physical_pain_0600.wav,3.99,16000,1
Belly or Physical pain,D3_Belly_or_Physical_pain_0601.wav,3.99,16000,1
Belly or Physical pain,D3_Belly_or_Physical_pain_0602.wav,1.35,16000,1
Belly or Physical pain,D3_Belly_or_Physical_pain_0603.wav,3.99,16000,1
Belly or Physical pain,D3_Belly_or_Physical_pain_0604.wav,3.99,16000,1
Belly or Physical pain,D3_Belly_or_Physical_pain_0605.wav,3.3,16000,1
Belly or Physical pain,D3_Belly_or_Physical_pain_0606.wav,3.99,16000,1
Belly or Physical pain,D3_Belly_or_Physical_pain_0607.wav,3.99,16000,1
Belly or Physical pain,D3_Belly_or_Physical_pain_0608.wav,3.39,16000,1
Belly or Physical pain,D3_Belly_or_Physical_pain_0609.wav,6.39,16000,1
Belly or Physical pain,D3_Belly_or_Physical_pain_0610.wav,3.99,16000,1
Belly or Physical pain,D3_Belly_or_Physical_pain_0611.wav,3.99,16000,1
Belly or Physical pain,D3_Belly_or_Physical_pain_0612.wav,3.99,16000,1
Belly or Physical pain,D3_Belly_or_Physical_pain_0613.wav,3.75,16000,1
Belly or Physical pain,D3_Belly_or_Physical_pain_0614.wav,6.99,16000,1
Belly or Physical pain,D3_Belly_or_Physical_pain_0615.wav,3.42,16000,1
Belly or Physical pain,D3_Belly_or_Physical_pain_0616.wav,3.99,16000,1
Belly or Physical pain,D3_Belly_or_Physical_pain_0617.wav,3.99,16000,1
Belly or Physical pain,D3_Belly_or_Physical_pain_0618.wav,3.99,16000,1
Belly or Physical pain,D3_Belly_or_Physical_pain_0619.wav,1.41,16000,1
Belly or Physical pain,D3_Belly_or_Physical_pain_0620.wav,3.48,16000,1
Belly or Physical pain,D3_Belly_or_Physical_pain_0621.wav,3.3,16000,1
Belly or Physical pain,D3_Belly_or_Physical_pain_0622.wav,3.39,16000,1
Belly or Physical pain,D3_Belly_or_Physical_pain_0623.wav,3.99,16000,1
Belly or Physical pain,D3_Belly_or_Physical_pain_0624.wav,3.3,16000,1
Belly or Physical pain,D3_Belly_or_Physical_pain_0625.wav,3.99,16000,1
Belly or Physical pain,D3_Belly_or_Physical_pain_0626.wav,3.99,16000,1
Belly or Physical pain,D3_Belly_or_Physical_pain_0627.wav,3.99,16000,1
Belly or Physical pain,D3_Belly_or_Physical_pain_0628.wav,3.99,16000,1
Belly or Physical pain,D3_Belly_or_Physical_pain_0629.wav,3.81,16000,1
Belly or Physical pain,D3_Belly_or_Physical_pain_0630.wav,3.99,16000,1
Belly or Physical pain,D3_Belly_or_Physical_pain_0631.wav,3.99,16000,1
Belly or Physical pain,D3_Belly_or_Physical_pain_0632.wav,3.45,16000,1
Belly or Physical pain,D3_Belly_or_Physical_pain_0633.wav,3.99,16000,1
Belly or Physical pain,D3_Belly_or_Physical_pain_0634.wav,3.99,16000,1
Belly or Physical pain,D3_Belly_or_Physical_pain_0635.wav,3.99,16000,1
Belly or Physical pain,D3_Belly_or_Physical_pain_0636.wav,4.98,16000,1
Belly or Physical pain,D3_Belly_or_Physical_pain_0637.wav,3.45,16000,1
Belly or Physical pain,D3_Belly_or_Physical_pain_0638.wav,3.99,16000,1
Belly or Physical pain,D3_Belly_or_Physical_pain_0639.wav,3.99,16000,1
Belly or Physical pain,D3_Belly_or_Physical_pain_0640.wav,3.84,16000,1
Belly or Physical pain,D3_Belly_or_Physical_pain_0641.wav,1.41,16000,1
Belly or Physical pain,D3_Belly_or_Physical_pain_0642.wav,3.99,16000,1
Belly or Physical pain,D3_Belly_or_Physical_pain_0643.wav,1.29,16000,1
Belly or Physical pain,D3_Belly_or_Physical_pain_0644.wav,3.99,16000,1
Belly or Physical pain,D3_Belly_or_Physical_pain_0645.wav,1.29,16000,1
Belly or Physical pain,D3_Belly_or_Physical_pain_0646.wav,3.33,16000,1
Belly or Physical pain,D3_Belly_or_Physical_pain_0647.wav,3.99,16000,1
Belly or Physical pain,D3_Belly_or_Physical_pain_0648.wav,3.48,16000,1
Belly or Physical pain,D3_Belly_or_Physical_pain_0649.wav,6.99,16000,1
Belly or Physical pain,D3_Belly_or_Physical_pain_0650.wav,3.99,16000,1
Belly or Physical pain,D3_Belly_or_Physical_pain_0651.wav,4.98,16000,1
Belly or Physical pain,D3_Belly_or_Physical_pain_0652.wav,3.99,16000,1
Belly or Physical pain,D3_Belly_or_Physical_pain_0653.wav,3.99,16000,1
Belly or Physical pain,D3_Belly_or_Physical_pain_0654.wav,3.27,16000,1
Belly or Physical pain,D3_Belly_or_Physical_pain_0655.wav,3.24,16000,1
Belly or Physical pain,D3_Belly_or_Physical_pain_0656.wav,3.99,16000,1
Belly or Physical pain,D3_Belly_or_Physical_pain_0657.wav,4.98,16000,1
Belly or Physical pain,D3_Belly_or_Physical_pain_0658.wav,3.99,16000,1
Belly or Physical pain,D3_Belly_or_Physical_pain_0659.wav,3.99,16000,1
Belly or Physical pain,D3_Belly_or_Physical_pain_0660.wav,3.48,16000,1
Belly or Physical pain,D3_Belly_or_Physical_pain_0661.wav,3.9,16000,1
Belly or Physical pain,D3_Belly_or_Physical_pain_0662.wav,3.99,16000,1
Belly or Physical pain,D3_Belly_or_Physical_pain_0663.wav,3.99,16000,1
Belly or Physical pain,D3_Belly_or_Physical_pain_0664.wav,3.99,16000,1
Belly or Physical pain,D3_Belly_or_Physical_pain_0665.wav,3.39,16000,1
Belly or Physical pain,D3_Belly_or_Physical_pain_0666.wav,3.39,16000,1
Belly or Physical pain,D3_Belly_or_Physical_pain_0667.wav,3.99,16000,1
Belly or Physical pain,D3_Belly_or_Physical_pain_0668.wav,3.99,16000,1
Belly or Physical pain,D3_Belly_or_Physical_pain_0669.wav,3.99,16000,1
Belly or Physical pain,D3_Belly_or_Physical_pain_0670.wav,4.98,16000,1
Belly or Physical pain,D3_Belly_or_Physical_pain_0671.wav,3.99,16000,1
Belly or Physical pain,D3_Belly_or_Physical_pain_0672.wav,3.39,16000,1
Belly or Physical pain,D3_Belly_or_Physical_pain_0673.wav,3.99,16000,1
Belly or Physical pain,D3_Belly_or_Physical_pain_0674.wav,3.99,16000,1
Belly or Physical pain,D3_Belly_or_Physical_pain_0675.wav,3.33,16000,1
Belly or Physical pain,D3_Belly_or_Physical_pain_0676.wav,1.44,16000,1
Belly or Physical pain,D3_Belly_or_Physical_pain_0677.wav,3.99,16000,1
Belly or Physical pain,D3_Belly_or_Physical_pain_0678.wav,6.99,16000,1
Belly or Physical pain,D3_Belly_or_Physical_pain_0679.wav,1.47,16000,1
Belly or Physical pain,D3_Belly_or_Physical_pain_0680.wav,3.99,16000,1
Belly or Physical pain,D3_Belly_or_Physical_pain_0681.wav,3.99,16000,1
Belly or Physical pain,D3_Belly_or_Physical_pain_0682.wav,3.99,16000,1
Belly or Physical pain,D3_Belly_or_Physical_pain_0683.wav,3.99,16000,1
Belly or Physical pain,D3_Belly_or_Physical_pain_0684.wav,3.99,16000,1
Belly or Physical pain,D3_Belly_or_Physical_pain_0685.wav,3.48,16000,1
Belly or Physical pain,D3_Belly_or_Physical_pain_0686.wav,3.39,16000,1
Belly or Physical pain,D3_Belly_or_Physical_pain_0687.wav,1.44,16000,1
Belly or Physical pain,D3_Belly_or_Physical_pain_0688.wav,3.99,16000,1
Belly or Physical pain,D3_Belly_or_Physical_pain_0689.wav,3.99,16000,1
Belly or Physical pain,D3_Belly_or_Physical_pain_0690.wav,3.99,16000,1
Belly or Physical pain,D3_Belly_or_Physical_pain_0691.wav,4.98,16000,1
Belly or Physical pain,D3_Belly_or_Physical_pain_0692.wav,1.53,16000,1
Belly or Physical pain,D3_Belly_or_Physical_pain_0693.wav,3.99,16000,1
Belly or Physical pain,D3_Belly_or_Physical_pain_0694.wav,3.39,16000,1
Belly or Physical pain,D3_Belly_or_Physical_pain_0695.wav,3.99,16000,1
Belly or Physical pain,D3_Belly_or_Physical_pain_0696.wav,3.99,16000,1
Belly or Physical pain,D3_Belly_or_Physical_pain_0697.wav,3.3,16000,1
Belly or Physical pain,D3_Belly_or_Physical_pain_0698.wav,3.99,16000,1
Belly or Physical pain,D3_Belly_or_Physical_pain_0699.wav,3.99,16000,1
Belly or Physical pain,D3_Belly_or_Physical_pain_0700.wav,3.36,16000,1
Belly or Physical pain,D3_Belly_or_Physical_pain_0701.wav,1.32,16000,1
Belly or Physical pain,D3_Belly_or_Physical_pain_0702.wav,1.32,16000,1
Belly or Physical pain,D3_Belly_or_Physical_pain_0703.wav,3.99,16000,1
Belly or Physical pain,D3_Belly_or_Physical_pain_0704.wav,3.27,16000,1
Belly or Physical pain,D3_Belly_or_Physical_pain_0705.wav,3.99,16000,1
Belly or Physical pain,D3_Belly_or_Physical_pain_0706.wav,3.99,16000,1
Belly or Physical pain,D3_Belly_or_Physical_pain_0707.wav,3.99,16000,1
Belly or Physical pain,D3_Belly_or_Physical_pain_0708.wav,6.99,16000,1
Belly or Physical pain,D3_Belly_or_Physical_pain_0709.wav,3.99,16000,1
Belly or Physical pain,D3_Belly_or_Physical_pain_0710.wav,4.98,16000,1
Belly or Physical pain,D3_Belly_or_Physical_pain_0711.wav,3.69,16000,1
Belly or Physical pain,D3_Belly_or_Physical_pain_0712.wav,3.21,16000,1
Belly or Physical pain,D3_Belly_or_Physical_pain_0713.wav,1.32,16000,1
Belly or Physical pain,D3_Belly_or_Physical_pain_0714.wav,3.99,16000,1
Belly or Physical pain,D3_Belly_or_Physical_pain_0715.wav,3.99,16000,1
Belly or Physical pain,D3_Belly_or_Physical_pain_0716.wav,3.3,16000,1
Belly or Physical pain,D3_Belly_or_Physical_pain_0717.wav,3.99,16000,1
Belly or Physical pain,D3_Belly_or_Physical_pain_0718.wav,3.12,16000,1
Belly or Physical pain,D3_Belly_or_Physical_pain_0719.wav,3.99,16000,1
Belly or Physical pain,D3_Belly_or_Physical_pain_0720.wav,6.99,16000,1
Belly or Physical pain,D3_Belly_or_Physical_pain_0721.wav,3.99,16000,1
Belly or Physical pain,D3_Belly_or_Physical_pain_0722.wav,3.78,16000,1
Belly or Physical pain,D3_Belly_or_Physical_pain_0723.wav,1.35,16000,1
Belly or Physical pain,D3_Belly_or_Physical_pain_0724.wav,3.99,16000,1
Belly or Physical pain,D3_Belly_or_Physical_pain_0725.wav,3.99,16000,1
Belly or Physical pain,D3_Belly_or_Physical_pain_0726.wav,1.14,16000,1
Belly or Physical pain,D3_Belly_or_Physical_pain_0727.wav,3.99,16000,1
Belly or Physical pain,D3_Belly_or_Physical_pain_0728.wav,1.41,16000,1
Belly or Physical pain,D3_Belly_or_Physical_pain_0729.wav,3.99,16000,1
Belly or Physical pain,D3_Belly_or_Physical_pain_0730.wav,3.99,16000,1
Belly or Physical pain,D3_Belly_or_Physical_pain_0731.wav,3.99,16000,1
Belly or Physical pain,D3_Belly_or_Physical_pain_0732.wav,3.99,16000,1
Belly or Physical pain,D3_Belly_or_Physical_pain_0733.wav,3.99,16000,1
Belly or Physical pain,D3_Belly_or_Physical_pain_0734.wav,3.99,16000,1
Belly or Physical pain,D3_Belly_or_Physical_pain_0735.wav,4.98,16000,1
Belly or Physical pain,D3_Belly_or_Physical_pain_0736.wav,4.98,16000,1
Belly or Physical pain,D3_Belly_or_Physical_pain_0737.wav,3.39,16000,1
Belly or Physical pain,D3_Belly_or_Physical_pain_0738.wav,3.99,16000,1
Belly or Physical pain,D3_Belly_or_Physical_pain_0739.wav,3.51,16000,1
Belly or Physical pain,D3_Belly_or_Physical_pain_0740.wav,1.53,16000,1
Belly or Physical pain,D3_Belly_or_Physical_pain_0741.wav,1.47,16000,1
Belly or Physical pain,D3_Belly_or_Physical_pain_0742.wav,3.99,16000,1
Belly or Physical pain,D3_Belly_or_Physical_pain_0743.wav,3.99,16000,1
Belly or Physical pain,D3_Belly_or_Physical_pain_0744.wav,3.81,16000,1
Belly or Physical pain,D3_Belly_or_Physical_pain_0745.wav,3.24,16000,1
Belly or Physical pain,D3_Belly_or_Physical_pain_0746.wav,1.32,16000,1
Belly or Physical pain,D3_Belly_or_Physical_pain_0747.wav,3.99,16000,1
Belly or Physical pain,D3_Belly_or_Physical_pain_0748.wav,1.47,16000,1
Belly or Physical pain,D3_Belly_or_Physical_pain_0749.wav,3.33,16000,1
Belly or Physical pain,D3_Belly_or_Physical_pain_0750.wav,3.99,16000,1
Belly or Physical pain,D3_Belly_or_Physical_pain_0751.wav,3.99,16000,1
Belly or Physical pain,D3_Belly_or_Physical_pain_0752.wav,3.99,16000,1
Belly or Physical pain,D3_Belly_or_Physical_pain_0753.wav,3.45,16000,1
Belly or Physical pain,D3_Belly_or_Physical_pain_0754.wav,3.99,16000,1
Belly or Physical pain,D3_Belly_or_Physical_pain_0755.wav,3.39,16000,1
Belly or Physical pain,D3_Belly_or_Physical_pain_0756.wav,3.45,16000,1
Belly or Physical pain,D3_Belly_or_Physical_pain_0757.wav,3.99,16000,1
Belly or Physical pain,D3_Belly_or_Physical_pain_0758.wav,3.99,16000,1
Belly or Physical pain,D3_Belly_or_Physical_pain_0759.wav,3.99,16000,1
Belly or Physical pain,D3_Belly_or_Physical_pain_0760.wav,3.99,16000,1
Belly or Physical pain,D3_Belly_or_Physical_pain_0761.wav,3.99,16000,1
Belly or Physical pain,D3_Belly_or_Physical_pain_0762.wav,1.41,16000,1
Belly or Physical pain,D3_Belly_or_Physical_pain_0763.wav,3.24,16000,1
Belly or Physical pain,D3_Belly_or_Physical_pain_0764.wav,3.69,16000,1
Belly or Physical pain,D3_Belly_or_Physical_pain_0765.wav,3.99,16000,1
Belly or Physical pain,D3_Belly_or_Physical_pain_0766.wav,3.24,16000,1
Belly or Physical pain,D3_Belly_or_Physical_pain_0767.wav,4.98,16000,1
Belly or Physical pain,D3_Belly_or_Physical_pain_0768.wav,3.21,16000,1
Belly or Physical pain,D3_Belly_or_Physical_pain_0769.wav,1.44,16000,1
Belly or Physical pain,D3_Belly_or_Physical_pain_0770.wav,3.99,16000,1
Belly or Physical pain,D3_Belly_or_Physical_pain_0771.wav,3.99,16000,1
Belly or Physical pain,D3_Belly_or_Physical_pain_0772.wav,3.99,16000,1
Belly or Physical pain,D3_Belly_or_Physical_pain_0773.wav,3.39,16000,1
Belly or Physical pain,D3_Belly_or_Physical_pain_0774.wav,3.99,16000,1
Belly or Physical pain,D3_Belly_or_Physical_pain_0775.wav,3.99,16000,1
Belly or Physical pain,D3_Belly_or_Physical_pain_0776.wav,3.99,16000,1
Belly or Physical pain,D3_Belly_or_Physical_pain_0777.wav,1.47,16000,1
Belly or Physical pain,D3_Belly_or_Physical_pain_0778.wav,3.99,16000,1
Belly or Physical pain,D3_Belly_or_Physical_pain_0779.wav,3.39,16000,1
Belly or Physical pain,D3_Belly_or_Physical_pain_0780.wav,3.78,16000,1
Belly or Physical pain,D3_Belly_or_Physical_pain_0781.wav,1.38,16000,1
Belly or Physical pain,D3_Belly_or_Physical_pain_0782.wav,6.99,16000,1
Belly or Physical pain,D3_Belly_or_Physical_pain_0783.wav,3.99,16000,1
Belly or Physical pain,D3_Belly_or_Physical_pain_0784.wav,1.35,16000,1
Belly or Physical pain,D3_Belly_or_Physical_pain_0785.wav,3.36,16000,1
Belly or Physical pain,D3_Belly_or_Physical_pain_0786.wav,3.99,16000,1
Belly or Physical pain,D3_Belly_or_Physical_pain_0787.wav,3.33,16000,1
Belly or Physical pain,D3_Belly_or_Physical_pain_0788.wav,3.99,16000,1
Belly or Physical pain,D3_Belly_or_Physical_pain_0789.wav,3.99,16000,1
Belly or Physical pain,D3_Belly_or_Physical_pain_0790.wav,3.99,16000,1
Belly or Physical pain,D3_Belly_or_Physical_pain_0791.wav,1.29,16000,1
Belly or Physical pain,D3_Belly_or_Physical_pain_0792.wav,3.99,16000,1
Belly or Physical pain,D3_Belly_or_Physical_pain_0793.wav,3.99,16000,1
Belly or Physical pain,D3_Belly_or_Physical_pain_0794.wav,3.99,16000,1
Belly or Physical pain,D3_Belly_or_Physical_pain_0795.wav,3.51,16000,1
Belly or Physical pain,D3_Belly_or_Physical_pain_0796.wav,3.99,16000,1
Belly or Physical pain,D3_Belly_or_Physical_pain_0797.wav,3.99,16000,1
Belly or Physical pain,D3_Belly_or_Physical_pain_0798.wav,3.99,16000,1
Belly or Physical pain,D3_Belly_or_Physical_pain_0799.wav,3.99,16000,1
Belly or Physical pain,D3_Belly_or_Physical_pain_0800.wav,1.29,16000,1
Belly or Physical pain,D3_Belly_or_Physical_pain_0801.wav,3.99,16000,1
Belly or Physical pain,D3_Belly_or_Physical_pain_0802.wav,4.98,16000,1
Belly or Physical pain,D3_Belly_or_Physical_pain_0803.wav,6.96,16000,1
Belly or Physical pain,D3_Belly_or_Physical_pain_0804.wav,3.99,16000,1
Belly or Physical pain,D3_Belly_or_Physical_pain_0805.wav,1.29,16000,1
Belly or Physical pain,D3_Belly_or_Physical_pain_0806.wav,3.99,16000,1
Belly or Physical pain,D3_Belly_or_Physical_pain_0807.wav,3.99,16000,1
Belly or Physical pain,D3_Belly_or_Physical_pain_0808.wav,3.99,16000,1
Belly or Physical pain,D3_Belly_or_Physical_pain_0809.wav,3.99,16000,1
Belly or Physical pain,D3_Belly_or_Physical_pain_0810.wav,3.99,16000,1
Belly or Physical pain,D3_Belly_or_Physical_pain_0811.wav,1.08,16000,1
Belly or Physical pain,D3_Belly_or_Physical_pain_0812.wav,3.36,16000,1
Belly or Physical pain,D3_Belly_or_Physical_pain_0813.wav,3.99,16000,1
Belly or Physical pain,D3_Belly_or_Physical_pain_0814.wav,3.99,16000,1
Belly or Physical pain,D3_Belly_or_Physical_pain_0815.wav,3.99,16000,1
Belly or Physical pain,D3_Belly_or_Physical_pain_0816.wav,3.99,16000,1
Belly or Physical pain,D3_Belly_or_Physical_pain_0817.wav,3.99,16000,1
Belly or Physical pain,D3_Belly_or_Physical_pain_0818.wav,4.98,16000,1
Belly or Physical pain,D3_Belly_or_Physical_pain_0819.wav,3.36,16000,1
Belly or Physical pain,D3_Belly_or_Physical_pain_0820.wav,1.29,16000,1
Belly or Physical pain,D3_Belly_or_Physical_pain_0821.wav,2.94,16000,1
Belly or Physical pain,D3_Belly_or_Physical_pain_0822.wav,3.48,16000,1
Belly or Physical pain,D3_Belly_or_Physical_pain_0823.wav,3.99,16000,1
Belly or Physical pain,D3_Belly_or_Physical_pain_0824.wav,3.99,16000,1
Belly or Physical pain,D3_Belly_or_Physical_pain_0825.wav,3.48,16000,1
Belly or Physical pain,D3_Belly_or_Physical_pain_0826.wav,3.99,16000,1
Belly or Physical pain,D3_Belly_or_Physical_pain_0827.wav,3.99,16000,1
Belly or Physical pain,D3_Belly_or_Physical_pain_0828.wav,3.99,16000,1
Belly or Physical pain,D3_Belly_or_Physical_pain_0829.wav,3.99,16000,1
Belly or Physical pain,D3_Belly_or_Physical_pain_0830.wav,3.99,16000,1
Belly or Physical pain,D3_Belly_or_Physical_pain_0831.wav,3.99,16000,1
Belly or Physical pain,D3_Belly_or_Physical_pain_0832.wav,6.48,16000,1
Belly or Physical pain,D3_Belly_or_Physical_pain_0833.wav,3.33,16000,1
Belly or Physical pain,D3_Belly_or_Physical_pain_0834.wav,3.36,16000,1
Belly or Physical pain,D3_Belly_or_Physical_pain_0835.wav,3.99,16000,1
Belly or Physical pain,D3_Belly_or_Physical_pain_0836.wav,3.99,16000,1
Belly or Physical pain,D3_Belly_or_Physical_pain_0837.wav,3.27,16000,1
Belly or Physical pain,D3_Belly_or_Physical_pain_0838.wav,3.99,16000,1
Belly or Physical pain,D3_Belly_or_Physical_pain_0839.wav,1.41,16000,1
Belly or Physical pain,D3_Belly_or_Physical_pain_0840.wav,3.99,16000,1
Belly or Physical pain,D3_Belly_or_Physical_pain_0841.wav,4.98,16000,1
Belly or Physical pain,D3_Belly_or_Physical_pain_0842.wav,3.99,16000,1
Belly or Physical pain,D3_Belly_or_Physical_pain_0843.wav,1.38,16000,1
Belly or Physical pain,D3_Belly_or_Physical_pain_0844.wav,1.32,16000,1
Belly or Physical pain,D3_Belly_or_Physical_pain_0845.wav,3.3,16000,1
Belly or Physical pain,D3_Belly_or_Physical_pain_0846.wav,1.44,16000,1
Belly or Physical pain,D3_Belly_or_Physical_pain_0847.wav,6.99,16000,1
Belly or Physical pain,D3_Belly_or_Physical_pain_0848.wav,3.99,16000,1
Belly or Physical pain,D3_Belly_or_Physical_pain_0849.wav,3.99,16000,1
Belly or Physical pain,D3_Belly_or_Physical_pain_0850.wav,3.21,16000,1
Belly or Physical pain,D3_Belly_or_Physical_pain_0851.wav,3.99,16000,1
Belly or Physical pain,D3_Belly_or_Physical_pain_0852.wav,3.99,16000,1
Belly or Physical pain,D3_Belly_or_Physical_pain_0853.wav,3.99,16000,1
Belly or Physical pain,D3_Belly_or_Physical_pain_0854.wav,6.93,16000,1
Belly or Physical pain,D3_Belly_or_Physical_pain_0855.wav,3.69,16000,1
Belly or Physical pain,D3_Belly_or_Physical_pain_0856.wav,3.99,16000,1
Belly or Physical pain,D3_Belly_or_Physical_pain_0857.wav,3.69,16000,1
Belly or Physical pain,D3_Belly_or_Physical_pain_0858.wav,3.99,16000,1
Belly or Physical pain,D3_Belly_or_Physical_pain_0859.wav,3.99,16000,1
Belly or Physical pain,D3_Belly_or_Physical_pain_0860.wav,3.99,16000,1
Belly or Physical pain,D3_Belly_or_Physical_pain_0861.wav,3.99,16000,1
Belly or Physical pain,D3_Belly_or_Physical_pain_0862.wav,3.99,16000,1
Belly or Physical pain,D3_Belly_or_Physical_pain_0863.wav,3.99,16000,1
Belly or Physical pain,D3_Belly_or_Physical_pain_0864.wav,3.3,16000,1
Belly or Physical pain,D3_Belly_or_Physical_pain_0865.wav,3.99,16000,1
Belly or Physical pain,D3_Belly_or_Physical_pain_0866.wav,3.99,16000,1
Belly or Physical pain,D3_Belly_or_Physical_pain_0867.wav,3.99,16000,1
Belly or Physical pain,D3_Belly_or_Physical_pain_0868.wav,1.38,16000,1
Belly or Physical pain,D3_Belly_or_Physical_pain_0869.wav,3.03,16000,1
Belly or Physical pain,D3_Belly_or_Physical_pain_0870.wav,3.36,16000,1
Belly or Physical pain,D3_Belly_or_Physical_pain_0871.wav,1.41,16000,1
Belly or Physical pain,D3_Belly_or_Physical_pain_0872.wav,3.87,16000,1
Belly or Physical pain,D3_Belly_or_Physical_pain_0873.wav,3.36,16000,1
Belly or Physical pain,D3_Belly_or_Physical_pain_0874.wav,3.72,16000,1
Belly or Physical pain,D3_Belly_or_Physical_pain_0875.wav,1.41,16000,1
Belly or Physical pain,D3_Belly_or_Physical_pain_0876.wav,1.32,16000,1
Belly or Physical pain,D3_Belly_or_Physical_pain_0877.wav,1.47,16000,1
Belly or Physical pain,D3_Belly_or_Physical_pain_0878.wav,1.38,16000,1
Belly or Physical pain,D3_Belly_or_Physical_pain_0879.wav,3.99,16000,1
Belly or Physical pain,D3_Belly_or_Physical_pain_0880.wav,6.99,16000,1
Belly or Physical pain,D3_Belly_or_Physical_pain_0881.wav,3.3,16000,1
Belly or Physical pain,D3_Belly_or_Physical_pain_0882.wav,3.99,16000,1
Belly or Physical pain,D3_Belly_or_Physical_pain_0883.wav,4.98,16000,1
Belly or Physical pain,D3_Belly_or_Physical_pain_0884.wav,3.99,16000,1
Belly or Physical pain,D3_Belly_or_Physical_pain_0885.wav,4.98,16000,1
Belly or Physical pain,D3_Belly_or_Physical_pain_0886.wav,3.99,16000,1
Belly or Physical pain,D3_Belly_or_Physical_pain_0887.wav,2.07,16000,1
Belly or Physical pain,D3_Belly_or_Physical_pain_0888.wav,3.99,16000,1
Belly or Physical pain,D3_Belly_or_Physical_pain_0889.wav,1.38,16000,1
Belly or Physical pain,D3_Belly_or_Physical_pain_0890.wav,3.33,16000,1
Belly or Physical pain,D3_Belly_or_Physical_pain_0891.wav,3.99,16000,1
Belly or Physical pain,D3_Belly_or_Physical_pain_0892.wav,6.51,16000,1
Belly or Physical pain,D3_Belly_or_Physical_pain_0893.wav,4.98,16000,1
Belly or Physical pain,D3_Belly_or_Physical_pain_0894.wav,3.99,16000,1
Belly or Physical pain,D3_Belly_or_Physical_pain_0895.wav,3.99,16000,1
Belly or Physical pain,D3_Belly_or_Physical_pain_0896.wav,3.99,16000,1
Belly or Physical pain,D3_Belly_or_Physical_pain_0897.wav,6.54,16000,1
Belly or Physical pain,D3_Belly_or_Physical_pain_0898.wav,1.38,16000,1
Belly or Physical pain,D3_Belly_or_Physical_pain_0899.wav,3.39,16000,1
Belly or Physical pain,D3_Belly_or_Physical_pain_0900.wav,3.9,16000,1
Belly or Physical pain,D3_Belly_or_Physical_pain_0901.wav,3.99,16000,1
Belly or Physical pain,D3_Belly_or_Physical_pain_0902.wav,3.81,16000,1
Belly or Physical pain,D3_Belly_or_Physical_pain_0903.wav,2.85,16000,1
Belly or Physical pain,D3_Belly_or_Physical_pain_0904.wav,1.5,16000,1
Burping,D1_Burping_0001.wav,6.94,16000,1
Burping,D1_Burping_0002.wav,6.92,16000,1
Burping,D1_Burping_0003.wav,6.92,16000,1
Burping,D1_Burping_0004.wav,6.9,16000,1
Burping,D1_Burping_0005.wav,6.74,16000,1
Burping,D1_Burping_0006.wav,6.78,16000,1
Burping,D1_Burping_0007.wav,6.66,16000,1
Burping,D1_Burping_0008.wav,6.66,16000,1
Burping,D1_Burping_0009.wav,6.66,16000,1
Burping,D1_Burping_0010.wav,6.96,16000,1
Burping,D1_Burping_0011.wav,6.78,16000,1
Burping,D1_Burping_0012.wav,6.88,16000,1
Burping,D1_Burping_0013.wav,6.86,16000,1
Burping,D1_Burping_0014.wav,6.88,16000,1
Burping,D1_Burping_0015.wav,6.64,16000,1
Burping,D1_Burping_0016.wav,6.78,16000,1
Burping,D1_Burping_0017.wav,6.78,16000,1
Burping,D1_Burping_0018.wav,6.78,16000,1
Burping,D1_Burping_0019.wav,6.78,16000,1
Burping,D1_Burping_0020.wav,6.78,16000,1
Burping,D1_Burping_0021.wav,6.72,16000,1
Burping,D1_Burping_0022.wav,6.78,16000,1
Burping,D1_Burping_0023.wav,6.78,16000,1
Burping,D1_Burping_0024.wav,6.94,16000,1
Burping,D1_Burping_0025.wav,6.92,16000,1
Burping,D1_Burping_0026.wav,6.86,16000,1
Burping,D1_Burping_0027.wav,6.94,16000,1
Burping,D1_Burping_0028.wav,6.94,16000,1
Burping,D1_Burping_0029.wav,6.9,16000,1
Burping,D1_Burping_0030.wav,6.92,16000,1
Burping,D1_Burping_0031.wav,6.88,16000,1
Burping,D1_Burping_0032.wav,6.82,16000,1
Burping,D1_Burping_0033.wav,6.82,16000,1
Burping,D1_Burping_0034.wav,6.84,16000,1
Burping,D1_Burping_0035.wav,6.84,16000,1
Burping,D1_Burping_0038.wav,6.84,16000,1
Burping,D1_Burping_0039.wav,6.82,16000,1
Burping,D1_Burping_0040.wav,6.82,16000,1
Burping,D1_Burping_0041.wav,6.84,16000,1
Burping,D1_Burping_0043.wav,6.82,16000,1
Burping,D1_Burping_0044.wav,6.84,16000,1
Burping,D1_Burping_0045.wav,6.9,16000,1
Burping,D1_Burping_0046.wav,6.94,16000,1
Burping,D1_Burping_0047.wav,6.94,16000,1
Burping,D1_Burping_0048.wav,6.66,16000,1
Burping,D1_Burping_0049.wav,6.64,16000,1
Burping,D1_Burping_0050.wav,6.92,16000,1
Burping,D1_Burping_0051.wav,6.92,16000,1
Burping,D1_Burping_0052.wav,6.76,16000,1
Burping,D1_Burping_0053.wav,6.88,16000,1
Burping,D1_Burping_0054.wav,6.92,16000,1
Burping,D1_Burping_0055.wav,6.92,16000,1
Burping,D1_Burping_0056.wav,6.96,16000,1
Burping,D1_Burping_0057.wav,6.9,16000,1
Burping,D1_Burping_0058.wav,6.64,16000,1
Burping,D1_Burping_0059.wav,6.64,16000,1
Burping,D1_Burping_0060.wav,6.64,16000,1
Burping,D1_Burping_0061.wav,6.64,16000,1
Burping,D1_Burping_0062.wav,6.94,16000,1
Burping,D1_Burping_0063.wav,6.96,16000,1
Burping,D1_Burping_0064.wav,6.92,16000,1
Burping,D1_Burping_0065.wav,6.9,16000,1
Burping,D1_Burping_0066.wav,6.66,16000,1
Burping,D1_Burping_0067.wav,7.06,16000,1
Burping,D1_Burping_0068.wav,7.06,16000,1
Burping,D1_Burping_0069.wav,6.92,16000,1
Burping,D1_Burping_0070.wav,6.9,16000,1
Burping,D1_Burping_0071.wav,6.9,16000,1
Burping,D1_Burping_0072.wav,6.74,16000,1
Burping,D1_Burping_0073.wav,6.76,16000,1
Burping,D1_Burping_0074.wav,5.0,16000,1
Burping,D1_Burping_0075.wav,5.0,16000,1
Burping,D1_Burping_0076.wav,5.0,16000,1
Burping,D1_Burping_0077.wav,5.0,16000,1
Burping,D1_Burping_0078.wav,5.0,16000,1
Burping,D1_Burping_0079.wav,5.0,16000,1
Burping,D1_Burping_0080.wav,5.0,16000,1
Burping,D1_Burping_0081.wav,5.0,16000,1
Burping,D1_Burping_0082.wav,5.0,16000,1
Burping,D1_Burping_0083.wav,5.0,16000,1
Burping,D1_Burping_0084.wav,5.0,16000,1
Burping,D1_Burping_0085.wav,5.0,16000,1
Burping,D1_Burping_0086.wav,5.0,16000,1
Burping,D1_Burping_0087.wav,5.0,16000,1
Burping,D1_Burping_0088.wav,5.0,16000,1
Burping,D1_Burping_0089.wav,5.0,16000,1
Burping,D1_Burping_0090.wav,5.0,16000,1
Burping,D1_Burping_0091.wav,5.0,16000,1
Burping,D1_Burping_0092.wav,5.0,16000,1
Burping,D1_Burping_0093.wav,5.0,16000,1
Burping,D1_Burping_0094.wav,5.0,16000,1
Burping,D1_Burping_0095.wav,5.0,16000,1
Burping,D1_Burping_0096.wav,5.0,16000,1
Burping,D1_Burping_0097.wav,5.0,16000,1
Burping,D1_Burping_0098.wav,5.0,16000,1
Burping,D1_Burping_0099.wav,5.0,16000,1
Burping,D1_Burping_0100.wav,5.0,16000,1
Burping,D1_Burping_0101.wav,6.66,16000,1
Burping,D1_Burping_0102.wav,7.0,16000,1
Burping,D1_Burping_0103.wav,7.0,16000,1
Burping,D1_Burping_0104.wav,7.0,16000,1
Burping,D1_Burping_0105.wav,7.0,16000,1
Burping,D1_Burping_0106.wav,7.0,16000,1
Burping,D1_Burping_0107.wav,6.54,16000,1
Burping,D2_Burping_0109.wav,6.66,16000,1
Burping,D2_Burping_0110.wav,6.54,16000,1
Burping,D2_Burping_0111.wav,6.9,16000,1
Burping,D3_Burping_0112.wav,6.9,16000,1
Burping,D3_Burping_0113.wav,3.9,16000,1
Burping,D3_Burping_0114.wav,6.99,16000,1
Burping,D3_Burping_0115.wav,3.99,16000,1
Burping,D3_Burping_0116.wav,6.57,16000,1
Burping,D3_Burping_0117.wav,3.99,16000,1
Burping,D3_Burping_0118.wav,3.99,16000,1
Burping,D3_Burping_0119.wav,3.99,16000,1
Burping,D3_Burping_0120.wav,2.91,16000,1
Burping,D3_Burping_0121.wav,4.98,16000,1
Burping,D3_Burping_0122.wav,1.32,16000,1
Burping,D3_Burping_0123.wav,3.66,16000,1
Burping,D3_Burping_0124.wav,1.41,16000,1
Burping,D3_Burping_0125.wav,3.39,16000,1
Burping,D3_Burping_0126.wav,3.99,16000,1
Burping,D3_Burping_0127.wav,3.87,16000,1
Burping,D3_Burping_0128.wav,1.32,16000,1
Burping,D3_Burping_0129.wav,2.85,16000,1
Burping,D3_Burping_0130.wav,3.99,16000,1
Burping,D3_Burping_0131.wav,3.99,16000,1
Burping,D3_Burping_0132.wav,3.99,16000,1
Burping,D3_Burping_0133.wav,3.99,16000,1
Burping,D3_Burping_0134.wav,1.41,16000,1
Burping,D3_Burping_0135.wav,3.18,16000,1
Burping,D3_Burping_0136.wav,3.99,16000,1
Burping,D3_Burping_0137.wav,3.99,16000,1
Burping,D3_Burping_0138.wav,6.54,16000,1
Burping,D3_Burping_0139.wav,1.38,16000,1
Burping,D3_Burping_0140.wav,6.66,16000,1
Burping,D3_Burping_0141.wav,3.99,16000,1
Burping,D3_Burping_0142.wav,1.29,16000,1
Burping,D3_Burping_0143.wav,3.33,16000,1
Burping,D3_Burping_0144.wav,3.03,16000,1
Burping,D3_Burping_0145.wav,6.78,16000,1
Burping,D3_Burping_0146.wav,3.99,16000,1
Burping,D3_Burping_0147.wav,3.99,16000,1
Burping,D3_Burping_0148.wav,3.99,16000,1
Burping,D3_Burping_0149.wav,4.98,16000,1
Burping,D3_Burping_0150.wav,3.99,16000,1
Burping,D3_Burping_0151.wav,3.99,16000,1
Burping,D3_Burping_0152.wav,1.32,16000,1
Burping,D3_Burping_0153.wav,3.99,16000,1
Burping,D3_Burping_0154.wav,6.9,16000,1
Burping,D3_Burping_0155.wav,3.27,16000,1
Burping,D3_Burping_0156.wav,6.9,16000,1
Burping,D3_Burping_0157.wav,3.72,16000,1
Burping,D3_Burping_0158.wav,3.93,16000,1
Burping,D3_Burping_0159.wav,6.84,16000,1
Burping,D3_Burping_0160.wav,3.48,16000,1
Burping,D3_Burping_0161.wav,3.99,16000,1
Burping,D3_Burping_0162.wav,3.99,16000,1
Burping,D3_Burping_0163.wav,6.96,16000,1
Burping,D3_Burping_0164.wav,3.99,16000,1
Burping,D3_Burping_0165.wav,6.93,16000,1
Burping,D3_Burping_0166.wav,3.99,16000,1
Burping,D3_Burping_0167.wav,6.78,16000,1
Burping,D3_Burping_0168.wav,3.39,16000,1
Burping,D3_Burping_0169.wav,3.99,16000,1
Burping,D3_Burping_0170.wav,3.99,16000,1
Burping,D3_Burping_0171.wav,3.99,16000,1
Burping,D3_Burping_0172.wav,3.99,16000,1
Burping,D3_Burping_0173.wav,3.9,16000,1
Burping,D3_Burping_0174.wav,3.99,16000,1
Burping,D3_Burping_0175.wav,4.98,16000,1
Burping,D3_Burping_0176.wav,3.99,16000,1
Burping,D3_Burping_0177.wav,3.3,16000,1
Burping,D3_Burping_0178.wav,3.99,16000,1
Burping,D3_Burping_0179.wav,3.9,16000,1
Burping,D3_Burping_0180.wav,3.99,16000,1
Burping,D3_Burping_0181.wav,4.98,16000,1
Burping,D3_Burping_0182.wav,3.99,16000,1
Burping,D3_Burping_0183.wav,3.99,16000,1
Burping,D3_Burping_0184.wav,3.99,16000,1
Burping,D3_Burping_0185.wav,3.99,16000,1
Burping,D3_Burping_0186.wav,2.94,16000,1
Burping,D3_Burping_0187.wav,3.99,16000,1
Burping,D3_Burping_0188.wav,3.96,16000,1
Burping,D3_Burping_0189.wav,1.35,16000,1
Burping,D3_Burping_0190.wav,1.41,16000,1
Burping,D3_Burping_0191.wav,3.87,16000,1
Burping,D3_Burping_0192.wav,1.29,16000,1
Burping,D3_Burping_0193.wav,3.99,16000,1
Burping,D3_Burping_0194.wav,3.09,16000,1
Burping,D3_Burping_0195.wav,6.9,16000,1
Burping,D3_Burping_0196.wav,3.99,16000,1
Burping,D3_Burping_0197.wav,3.99,16000,1
Burping,D3_Burping_0198.wav,3.09,16000,1
Burping,D3_Burping_0199.wav,3.99,16000,1
Burping,D3_Burping_0200.wav,3.99,16000,1
Burping,D3_Burping_0201.wav,3.12,16000,1
Burping,D3_Burping_0202.wav,3.3,16000,1
Burping,D3_Burping_0203.wav,6.51,16000,1
Burping,D3_Burping_0204.wav,3.99,16000,1
Burping,D3_Burping_0205.wav,4.98,16000,1
Burping,D3_Burping_0206.wav,6.6,16000,1
Burping,D3_Burping_0207.wav,3.99,16000,1
Burping,D3_Burping_0208.wav,6.21,16000,1
Burping,D3_Burping_0209.wav,3.99,16000,1
Burping,D3_Burping_0210.wav,3.99,16000,1
Burping,D3_Burping_0211.wav,6.93,16000,1
Burping,D3_Burping_0212.wav,3.21,16000,1
Burping,D3_Burping_0213.wav,1.29,16000,1
Burping,D3_Burping_0214.wav,3.57,16000,1
Burping,D3_Burping_0215.wav,3.99,16000,1
Burping,D3_Burping_0216.wav,3.99,16000,1
Burping,D3_Burping_0217.wav,3.99,16000,1
Burping,D3_Burping_0218.wav,3.99,16000,1
Burping,D3_Burping_0219.wav,6.84,16000,1
Burping,D3_Burping_0220.wav,3.99,16000,1
Burping,D3_Burping_0221.wav,6.72,16000,1
Burping,D3_Burping_0222.wav,6.63,16000,1
Burping,D3_Burping_0223.wav,3.99,16000,1
Burping,D3_Burping_0224.wav,2.61,16000,1
Burping,D3_Burping_0225.wav,4.98,16000,1
Burping,D3_Burping_0226.wav,6.45,16000,1
Burping,D3_Burping_0227.wav,3.99,16000,1
Burping,D3_Burping_0228.wav,4.98,16000,1
Burping,D3_Burping_0229.wav,3.48,16000,1
Burping,D3_Burping_0230.wav,3.99,16000,1
Burping,D3_Burping_0231.wav,3.3,16000,1
Burping,D3_Burping_0232.wav,3.99,16000,1
Burping,D3_Burping_0233.wav,3.39,16000,1
Burping,D3_Burping_0234.wav,3.99,16000,1
Burping,D3_Burping_0235.wav,3.99,16000,1
Burping,D3_Burping_0236.wav,3.99,16000,1
Burping,D3_Burping_0237.wav,6.81,16000,1
Burping,D3_Burping_0238.wav,6.15,16000,1
Burping,D3_Burping_0239.wav,3.87,16000,1
Burping,D3_Burping_0240.wav,3.0,16000,1
Burping,D3_Burping_0241.wav,2.94,16000,1
Burping,D3_Burping_0242.wav,3.99,16000,1
Burping,D3_Burping_0243.wav,4.98,16000,1
Burping,D3_Burping_0244.wav,6.24,16000,1
Burping,D3_Burping_0245.wav,3.99,16000,1
Burping,D3_Burping_0246.wav,3.06,16000,1
Burping,D3_Burping_0247.wav,3.99,16000,1
Burping,D3_Burping_0248.wav,3.78,16000,1
Burping,D3_Burping_0249.wav,4.98,16000,1
Burping,D3_Burping_0250.wav,3.99,16000,1
Burping,D3_Burping_0251.wav,1.2,16000,1
Burping,D3_Burping_0252.wav,3.99,16000,1
Burping,D3_Burping_0253.wav,6.84,16000,1
Burping,D3_Burping_0254.wav,4.98,16000,1
Burping,D3_Burping_0255.wav,3.99,16000,1
Burping,D3_Burping_0256.wav,3.21,16000,1
Burping,D3_Burping_0257.wav,6.84,16000,1
Burping,D3_Burping_0258.wav,3.99,16000,1
Burping,D3_Burping_0259.wav,6.66,16000,1
Burping,D3_Burping_0260.wav,3.99,16000,1
Burping,D3_Burping_0261.wav,6.75,16000,1
Burping,D3_Burping_0262.wav,4.98,16000,1
Burping,D3_Burping_0263.wav,6.45,16000,1
Burping,D3_Burping_0264.wav,3.27,16000,1
Burping,D3_Burping_0265.wav,3.99,16000,1
Burping,D3_Burping_0266.wav,3.99,16000,1
Burping,D3_Burping_0267.wav,3.66,16000,1
Burping,D3_Burping_0268.wav,6.78,16000,1
Burping,D3_Burping_0269.wav,2.94,16000,1
Burping,D3_Burping_0270.wav,3.99,16000,1
Burping,D3_Burping_0271.wav,3.99,16000,1
Burping,D3_Burping_0272.wav,3.99,16000,1
Burping,D3_Burping_0273.wav,3.42,16000,1
Burping,D3_Burping_0274.wav,3.99,16000,1
Burping,D3_Burping_0275.wav,3.99,16000,1
Burping,D3_Burping_0276.wav,1.29,16000,1
Burping,D3_Burping_0277.wav,6.93,16000,1
Burping,D3_Burping_0278.wav,3.99,16000,1
Burping,D3_Burping_0279.wav,3.99,16000,1
Burping,D3_Burping_0280.wav,3.99,16000,1
Burping,D3_Burping_0281.wav,1.32,16000,1
Burping,D3_Burping_0282.wav,3.99,16000,1
Burping,D3_Burping_0283.wav,3.0,16000,1
Burping,D3_Burping_0284.wav,3.99,16000,1
Burping,D3_Burping_0285.wav,3.99,16000,1
Burping,D3_Burping_0286.wav,1.32,16000,1
Burping,D3_Burping_0287.wav,6.93,16000,1
Burping,D3_Burping_0288.wav,3.99,16000,1
Burping,D3_Burping_0289.wav,1.38,16000,1
Burping,D3_Burping_0290.wav,3.18,16000,1
Burping,D3_Burping_0291.wav,6.9,16000,1
Burping,D3_Burping_0292.wav,6.84,16000,1
Burping,D3_Burping_0293.wav,3.99,16000,1
Burping,D3_Burping_0294.wav,3.06,16000,1
Burping,D3_Burping_0295.wav,3.12,16000,1
Burping,D3_Burping_0296.wav,3.99,16000,1
Burping,D3_Burping_0297.wav,3.99,16000,1
Burping,D3_Burping_0298.wav,3.99,16000,1
Burping,D3_Burping_0299.wav,4.98,16000,1
Burping,D3_Burping_0300.wav,4.98,16000,1
Burping,D3_Burping_0301.wav,4.98,16000,1
Burping,D3_Burping_0302.wav,3.99,16000,1
Burping,D3_Burping_0303.wav,3.99,16000,1
Burping,D3_Burping_0304.wav,3.99,16000,1
Burping,D3_Burping_0305.wav,3.06,16000,1
Burping,D3_Burping_0306.wav,1.74,16000,1
Burping,D3_Burping_0307.wav,1.29,16000,1
Burping,D3_Burping_0308.wav,3.99,16000,1
Burping,D3_Burping_0309.wav,3.99,16000,1
Burping,D3_Burping_0310.wav,4.98,16000,1
Burping,D3_Burping_0311.wav,6.78,16000,1
Burping,D3_Burping_0312.wav,1.44,16000,1
Burping,D3_Burping_0313.wav,3.24,16000,1
Burping,D3_Burping_0314.wav,3.99,16000,1
Burping,D3_Burping_0315.wav,3.06,16000,1
Burping,D3_Burping_0316.wav,3.24,16000,1
Burping,D3_Burping_0317.wav,3.03,16000,1
Burping,D3_Burping_0318.wav,3.63,16000,1
Burping,D3_Burping_0319.wav,3.54,16000,1
Burping,D3_Burping_0320.wav,3.99,16000,1
Burping,D3_Burping_0321.wav,3.99,16000,1
Burping,D3_Burping_0322.wav,3.99,16000,1
Burping,D3_Burping_0323.wav,3.99,16000,1
Burping,D3_Burping_0324.wav,2.82,16000,1
Burping,D3_Burping_0325.wav,3.99,16000,1
Burping,D3_Burping_0326.wav,3.15,16000,1
Burping,D3_Burping_0327.wav,6.6,16000,1
Burping,D3_Burping_0328.wav,6.78,16000,1
Burping,D3_Burping_0329.wav,6.63,16000,1
Burping,D3_Burping_0330.wav,3.99,16000,1
Burping,D3_Burping_0331.wav,3.99,16000,1
Burping,D3_Burping_0332.wav,3.99,16000,1
Burping,D3_Burping_0333.wav,3.99,16000,1
Burping,D3_Burping_0334.wav,1.41,16000,1
Burping,D3_Burping_0335.wav,6.78,16000,1
Burping,D3_Burping_0336.wav,1.41,16000,1
Burping,D3_Burping_0337.wav,4.98,16000,1
Burping,D3_Burping_0338.wav,3.99,16000,1
Burping,D3_Burping_0339.wav,1.41,16000,1
Burping,D3_Burping_0340.wav,3.99,16000,1
Burping,D3_Burping_0341.wav,3.87,16000,1
Burping,D3_Burping_0342.wav,3.06,16000,1
Burping,D3_Burping_0343.wav,3.18,16000,1
Burping,D3_Burping_0344.wav,3.99,16000,1
Burping,D3_Burping_0345.wav,4.98,16000,1
Burping,D3_Burping_0346.wav,3.9,16000,1
Burping,D3_Burping_0347.wav,4.98,16000,1
Burping,D3_Burping_0348.wav,3.99,16000,1
Burping,D3_Burping_0349.wav,3.36,16000,1
Burping,D3_Burping_0350.wav,3.99,16000,1
Burping,D3_Burping_0351.wav,4.98,16000,1
Burping,D3_Burping_0352.wav,4.98,16000,1
Burping,D3_Burping_0353.wav,3.87,16000,1
Burping,D3_Burping_0354.wav,3.99,16000,1
Burping,D3_Burping_0355.wav,3.99,16000,1
Burping,D3_Burping_0356.wav,6.78,16000,1
Burping,D3_Burping_0357.wav,3.99,16000,1
Burping,D3_Burping_0358.wav,3.99,16000,1
Burping,D3_Burping_0359.wav,1.32,16000,1
Burping,D3_Burping_0360.wav,4.98,16000,1
Burping,D3_Burping_0361.wav,3.99,16000,1
Burping,D3_Burping_0362.wav,3.99,16000,1
Burping,D3_Burping_0363.wav,1.44,16000,1
Burping,D3_Burping_0364.wav,3.18,16000,1
Burping,D3_Burping_0365.wav,3.18,16000,1
Burping,D3_Burping_0366.wav,1.44,16000,1
Burping,D3_Burping_0367.wav,3.99,16000,1
Burping,D3_Burping_0368.wav,3.99,16000,1
Burping,D3_Burping_0369.wav,4.98,16000,1
Burping,D3_Burping_0370.wav,3.99,16000,1
Burping,D3_Burping_0371.wav,3.99,16000,1
Burping,D3_Burping_0372.wav,3.36,16000,1
Burping,D3_Burping_0373.wav,4.98,16000,1
Burping,D3_Burping_0374.wav,5.79,16000,1
Burping,D3_Burping_0375.wav,4.98,16000,1
Burping,D3_Burping_0376.wav,2.94,16000,1
Burping,D3_Burping_0377.wav,6.9,16000,1
Burping,D3_Burping_0378.wav,3.99,16000,1
Burping,D3_Burping_0379.wav,3.99,16000,1
Burping,D3_Burping_0380.wav,3.99,16000,1
Burping,D3_Burping_0381.wav,6.36,16000,1
Burping,D3_Burping_0382.wav,6.9,16000,1
Burping,D3_Burping_0383.wav,3.51,16000,1
Burping,D3_Burping_0384.wav,3.99,16000,1
Burping,D3_Burping_0385.wav,3.78,16000,1
Burping,D3_Burping_0386.wav,3.99,16000,1
Burping,D3_Burping_0387.wav,1.32,16000,1
Burping,D3_Burping_0388.wav,3.39,16000,1
Burping,D3_Burping_0389.wav,3.99,16000,1
Burping,D3_Burping_0390.wav,3.99,16000,1
Burping,D3_Burping_0391.wav,3.99,16000,1
Burping,D3_Burping_0392.wav,3.99,16000,1
Burping,D3_Burping_0393.wav,3.99,16000,1
Burping,D3_Burping_0394.wav,3.39,16000,1
Burping,D3_Burping_0395.wav,3.99,16000,1
Burping,D3_Burping_0396.wav,1.41,16000,1
Burping,D3_Burping_0397.wav,3.99,16000,1
Burping,D3_Burping_0398.wav,6.99,16000,1
Burping,D3_Burping_0399.wav,6.99,16000,1
Burping,D3_Burping_0400.wav,3.99,16000,1
Burping,D3_Burping_0401.wav,3.99,16000,1
Burping,D3_Burping_0402.wav,3.87,16000,1
Burping,D3_Burping_0403.wav,3.99,16000,1
Burping,D3_Burping_0404.wav,3.99,16000,1
Burping,D3_Burping_0405.wav,3.48,16000,1
Burping,D3_Burping_0406.wav,3.99,16000,1
Burping,D3_Burping_0407.wav,3.99,16000,1
Burping,D3_Burping_0408.wav,3.99,16000,1
Burping,D3_Burping_0409.wav,3.27,16000,1
Burping,D3_Burping_0410.wav,3.51,16000,1
Burping,D3_Burping_0411.wav,4.98,16000,1
Burping,D3_Burping_0412.wav,4.98,16000,1
Burping,D3_Burping_0413.wav,3.99,16000,1
Burping,D3_Burping_0414.wav,3.99,16000,1
Burping,D3_Burping_0415.wav,1.41,16000,1
Burping,D3_Burping_0416.wav,6.24,16000,1
Burping,D3_Burping_0417.wav,3.99,16000,1
Burping,D3_Burping_0418.wav,1.41,16000,1
Burping,D3_Burping_0419.wav,4.98,16000,1
Burping,D3_Burping_0420.wav,3.99,16000,1
Burping,D3_Burping_0421.wav,2.97,16000,1
Discomfort,D1_Discomfort_0001.wav,7.0,16000,1
Discomfort,D1_Discomfort_0002.wav,7.0,16000,1
Discomfort,D1_Discomfort_0003.wav,6.92,16000,1
Discomfort,D1_Discomfort_0004.wav,6.84,16000,1
Discomfort,D1_Discomfort_0005.wav,6.86,16000,1
Discomfort,D1_Discomfort_0006.wav,7.06,16000,1
Discomfort,D1_Discomfort_0007.wav,7.06,16000,1
Discomfort,D1_Discomfort_0008.wav,7.06,16000,1
Discomfort,D1_Discomfort_0009.wav,7.0,16000,1
Discomfort,D1_Discomfort_0010.wav,7.0,16000,1
Discomfort,D1_Discomfort_0011.wav,7.0,16000,1
Discomfort,D1_Discomfort_0012.wav,7.0,16000,1
Discomfort,D1_Discomfort_0013.wav,6.66,16000,1
Discomfort,D1_Discomfort_0014.wav,7.06,16000,1
Discomfort,D1_Discomfort_0015.wav,7.06,16000,1
Discomfort,D1_Discomfort_0016.wav,7.06,16000,1
Discomfort,D1_Discomfort_0017.wav,7.06,16000,1
Discomfort,D1_Discomfort_0018.wav,7.06,16000,1
Discomfort,D1_Discomfort_0019.wav,7.06,16000,1
Discomfort,D1_Discomfort_0020.wav,7.06,16000,1
Discomfort,D1_Discomfort_0021.wav,7.04,16000,1
Discomfort,D1_Discomfort_0022.wav,7.06,16000,1
Discomfort,D1_Discomfort_0023.wav,7.06,16000,1
Discomfort,D1_Discomfort_0024.wav,7.06,16000,1
Discomfort,D1_Discomfort_0025.wav,6.94,16000,1
Discomfort,D1_Discomfort_0026.wav,6.9,16000,1
Discomfort,D1_Discomfort_0027.wav,7.0,16000,1
Discomfort,D1_Discomfort_0028.wav,7.0,16000,1
Discomfort,D1_Discomfort_0029.wav,7.0,16000,1
Discomfort,D1_Discomfort_0030.wav,7.0,16000,1
Discomfort,D1_Discomfort_0031.wav,6.78,16000,1
Discomfort,D1_Discomfort_0032.wav,6.78,16000,1
Discomfort,D1_Discomfort_0033.wav,6.78,16000,1
Discomfort,D1_Discomfort_0034.wav,6.78,16000,1
Discomfort,D1_Discomfort_0035.wav,6.78,16000,1
Discomfort,D1_Discomfort_0036.wav,6.78,16000,1
Discomfort,D1_Discomfort_0037.wav,7.0,16000,1
Discomfort,D1_Discomfort_0038.wav,7.0,16000,1
Discomfort,D1_Discomfort_0039.wav,7.0,16000,1
Discomfort,D1_Discomfort_0040.wav,7.0,16000,1
Discomfort,D1_Discomfort_0041.wav,6.9,16000,1
Discomfort,D1_Discomfort_0042.wav,6.92,16000,1
Discomfort,D1_Discomfort_0043.wav,7.0,16000,1
Discomfort,D1_Discomfort_0044.wav,7.0,16000,1
Discomfort,D1_Discomfort_0045.wav,6.86,16000,1
Discomfort,D1_Discomfort_0046.wav,6.88,16000,1
Discomfort,D1_Discomfort_0047.wav,6.86,16000,1
Discomfort,D1_Discomfort_0048.wav,6.86,16000,1
Discomfort,D1_Discomfort_0049.wav,6.86,16000,1
Discomfort,D1_Discomfort_0051.wav,7.0,16000,1
Discomfort,D1_Discomfort_0052.wav,7.0,16000,1
Discomfort,D1_Discomfort_0053.wav,7.0,16000,1
Discomfort,D1_Discomfort_0054.wav,7.0,16000,1
Discomfort,D1_Discomfort_0055.wav,7.0,16000,1
Discomfort,D1_Discomfort_0056.wav,7.0,16000,1
Discomfort,D1_Discomfort_0057.wav,7.0,16000,1
Discomfort,D1_Discomfort_0059.wav,6.68,16000,1
Discomfort,D1_Discomfort_0060.wav,6.96,16000,1
Discomfort,D1_Discomfort_0061.wav,6.62,16000,1
Discomfort,D1_Discomfort_0062.wav,6.92,16000,1
Discomfort,D1_Discomfort_0063.wav,6.92,16000,1
Discomfort,D1_Discomfort_0064.wav,6.86,16000,1
Discomfort,D1_Discomfort_0065.wav,6.92,16000,1
Discomfort,D1_Discomfort_0066.wav,7.0,16000,1
Discomfort,D1_Discomfort_0067.wav,7.0,16000,1
Discomfort,D1_Discomfort_0076.wav,6.66,16000,1
Discomfort,D1_Discomfort_0077.wav,6.62,16000,1
Discomfort,D1_Discomfort_0078.wav,6.66,16000,1
Discomfort,D1_Discomfort_0079.wav,6.68,16000,1
Discomfort,D1_Discomfort_0080.wav,6.86,16000,1
Discomfort,D1_Discomfort_0081.wav,6.88,16000,1
Discomfort,D1_Discomfort_0082.wav,7.0,16000,1
Discomfort,D1_Discomfort_0083.wav,7.0,16000,1
Discomfort,D1_Discomfort_0084.wav,7.0,16000,1
Discomfort,D1_Discomfort_0085.wav,7.0,16000,1
Discomfort,D1_Discomfort_0086.wav,6.72,16000,1
Discomfort,D1_Discomfort_0087.wav,6.72,16000,1
Discomfort,D1_Discomfort_0089.wav,6.62,16000,1
Discomfort,D1_Discomfort_0090.wav,6.96,16000,1
Discomfort,D1_Discomfort_0091.wav,6.94,16000,1
Discomfort,D1_Discomfort_0092.wav,6.94,16000,1
Discomfort,D1_Discomfort_0093.wav,6.94,16000,1
Discomfort,D1_Discomfort_0094.wav,6.96,16000,1
Discomfort,D1_Discomfort_0095.wav,6.86,16000,1
Discomfort,D1_Discomfort_0096.wav,7.0,16000,1
Discomfort,D1_Discomfort_0097.wav,6.94,16000,1
Discomfort,D1_Discomfort_0098.wav,6.92,16000,1
Discomfort,D1_Discomfort_0099.wav,6.88,16000,1
Discomfort,D1_Discomfort_0100.wav,7.0,16000,1
Discomfort,D1_Discomfort_0101.wav,7.0,16000,1
Discomfort,D1_Discomfort_0102.wav,7.0,16000,1
Discomfort,D1_Discomfort_0103.wav,7.0,16000,1
Discomfort,D1_Discomfort_0104.wav,7.0,16000,1
Discomfort,D1_Discomfort_0105.wav,6.82,16000,1
Discomfort,D1_Discomfort_0106.wav,6.64,16000,1
Discomfort,D1_Discomfort_0107.wav,7.0,16000,1
Discomfort,D1_Discomfort_0108.wav,7.0,16000,1
Discomfort,D1_Discomfort_0110.wav,7.0,16000,1
Discomfort,D1_Discomfort_0111.wav,7.0,16000,1
Discomfort,D1_Discomfort_0112.wav,7.0,16000,1
Discomfort,D1_Discomfort_0113.wav,7.0,16000,1
Discomfort,D1_Discomfort_0114.wav,7.0,16000,1
Discomfort,D1_Discomfort_0115.wav,7.0,16000,1
Discomfort,D1_Discomfort_0121.wav,6.9,16000,1
Discomfort,D1_Discomfort_0122.wav,6.96,16000,1
Discomfort,D1_Discomfort_0123.wav,6.9,16000,1
Discomfort,D1_Discomfort_0124.wav,6.9,16000,1
Discomfort,D1_Discomfort_0125.wav,6.9,16000,1
Discomfort,D1_Discomfort_0126.wav,6.9,16000,1
Discomfort,D1_Discomfort_0127.wav,6.9,16000,1
Discomfort,D2_Discomfort_0136.wav,6.66,16000,1
Discomfort,D2_Discomfort_0137.wav,6.68,16000,1
Discomfort,D2_Discomfort_0138.wav,6.9,16000,1
Discomfort,D2_Discomfort_0139.wav,6.96,16000,1
Discomfort,D2_Discomfort_0140.wav,6.96,16000,1
Discomfort,D2_Discomfort_0141.wav,6.9,16000,1
Discomfort,D2_Discomfort_0142.wav,6.9,16000,1
Discomfort,D2_Discomfort_0143.wav,6.82,16000,1
Discomfort,D2_Discomfort_0144.wav,6.84,16000,1
Discomfort,D2_Discomfort_0145.wav,6.94,16000,1
Discomfort,D2_Discomfort_0146.wav,6.96,16000,1
Discomfort,D2_Discomfort_0147.wav,7.06,16000,1
Hungry,D1_Hungry_0001.wav,6.94,16000,1
Hungry,D1_Hungry_0002.wav,6.9,16000,1
Hungry,D1_Hungry_0003.wav,6.96,16000,1
Hungry,D1_Hungry_0004.wav,6.98,16000,1
Hungry,D1_Hungry_0005.wav,7.0,16000,1
Hungry,D1_Hungry_0006.wav,6.9,16000,1
Hungry,D1_Hungry_0007.wav,6.96,16000,1
Hungry,D1_Hungry_0008.wav,7.0,16000,1
Hungry,D1_Hungry_0009.wav,7.0,16000,1
Hungry,D1_Hungry_0010.wav,7.0,16000,1
Hungry,D1_Hungry_0011.wav,7.0,16000,1
Hungry,D1_Hungry_0012.wav,7.0,16000,1
Hungry,D1_Hungry_0013.wav,7.0,16000,1
Hungry,D1_Hungry_0014.wav,6.84,16000,1
Hungry,D1_Hungry_0015.wav,6.94,16000,1
Hungry,D1_Hungry_0016.wav,6.96,16000,1
Hungry,D1_Hungry_0017.wav,7.0,16000,1
Hungry,D1_Hungry_0018.wav,6.96,16000,1
Hungry,D1_Hungry_0019.wav,7.0,16000,1
Hungry,D1_Hungry_0020.wav,6.96,16000,1
Hungry,D1_Hungry_0021.wav,7.0,16000,1
Hungry,D1_Hungry_0022.wav,7.0,16000,1
Hungry,D1_Hungry_0023.wav,7.0,16000,1
Hungry,D1_Hungry_0024.wav,7.0,16000,1
Hungry,D1_Hungry_0025.wav,7.0,16000,1
Hungry,D1_Hungry_0026.wav,7.0,16000,1
Hungry,D1_Hungry_0027.wav,6.86,16000,1
Hungry,D1_Hungry_0028.wav,6.86,16000,1
Hungry,D1_Hungry_0029.wav,6.86,16000,1
Hungry,D1_Hungry_0030.wav,7.0,16000,1
Hungry,D1_Hungry_0031.wav,6.78,16000,1
Hungry,D1_Hungry_0032.wav,6.92,16000,1
Hungry,D1_Hungry_0033.wav,6.92,16000,1
Hungry,D1_Hungry_0034.wav,6.88,16000,1
Hungry,D1_Hungry_0035.wav,6.86,16000,1
Hungry,D1_Hungry_0036.wav,6.66,16000,1
Hungry,D1_Hungry_0037.wav,6.9,16000,1
Hungry,D1_Hungry_0038.wav,6.9,16000,1
Hungry,D1_Hungry_0039.wav,6.86,16000,1
Hungry,D1_Hungry_0040.wav,6.72,16000,1
Hungry,D1_Hungry_0041.wav,7.0,16000,1
Hungry,D1_Hungry_0042.wav,7.04,16000,1
Hungry,D1_Hungry_0043.wav,7.06,16000,1
Hungry,D1_Hungry_0044.wav,6.86,16000,1
Hungry,D1_Hungry_0045.wav,6.88,16000,1
Hungry,D1_Hungry_0046.wav,6.96,16000,1
Hungry,D1_Hungry_0047.wav,7.0,16000,1
Hungry,D1_Hungry_0048.wav,7.0,16000,1
Hungry,D1_Hungry_0049.wav,7.0,16000,1
Hungry,D1_Hungry_0050.wav,6.88,16000,1
Hungry,D1_Hungry_0051.wav,6.92,16000,1
Hungry,D1_Hungry_0052.wav,6.86,16000,1
Hungry,D1_Hungry_0053.wav,6.86,16000,1
Hungry,D1_Hungry_0054.wav,6.98,16000,1
Hungry,D1_Hungry_0055.wav,6.92,16000,1
Hungry,D1_Hungry_0056.wav,6.96,16000,1
Hungry,D1_Hungry_0057.wav,6.94,16000,1
Hungry,D1_Hungry_0058.wav,6.72,16000,1
Hungry,D1_Hungry_0059.wav,6.68,16000,1
Hungry,D1_Hungry_0060.wav,6.66,16000,1
Hungry,D1_Hungry_0061.wav,7.0,16000,1
Hungry,D1_Hungry_0062.wav,7.0,16000,1
Hungry,D1_Hungry_0063.wav,6.74,16000,1
Hungry,D1_Hungry_0064.wav,6.76,16000,1
Hungry,D1_Hungry_0065.wav,6.74,16000,1
Hungry,D1_Hungry_0066.wav,6.74,16000,1
Hungry,D1_Hungry_0067.wav,6.76,16000,1
Hungry,D1_Hungry_0068.wav,6.94,16000,1
Hungry,D1_Hungry_0069.wav,6.78,16000,1
Hungry,D1_Hungry_0070.wav,6.9,16000,1
Hungry,D1_Hungry_0071.wav,7.0,16000,1
Hungry,D1_Hungry_0072.wav,6.96,16000,1
Hungry,D1_Hungry_0073.wav,6.9,16000,1
Hungry,D1_Hungry_0074.wav,7.0,16000,1
Hungry,D1_Hungry_0075.wav,7.0,16000,1
Hungry,D1_Hungry_0076.wav,6.86,16000,1
Hungry,D1_Hungry_0077.wav,7.0,16000,1
Hungry,D1_Hungry_0078.wav,7.0,16000,1
Hungry,D1_Hungry_0079.wav,6.86,16000,1
Hungry,D1_Hungry_0080.wav,6.92,16000,1
Hungry,D1_Hungry_0081.wav,6.92,16000,1
Hungry,D1_Hungry_0082.wav,6.92,16000,1
Hungry,D1_Hungry_0083.wav,6.92,16000,1
Hungry,D1_Hungry_0087.wav,7.0,16000,1
Hungry,D1_Hungry_0092.wav,7.0,16000,1
Hungry,D1_Hungry_0093.wav,7.0,16000,1
Hungry,D1_Hungry_0174.wav,7.0,16000,1
Hungry,D1_Hungry_0175.wav,6.9,16000,1
Hungry,D1_Hungry_0176.wav,6.96,16000,1
Hungry,D1_Hungry_0177.wav,6.94,16000,1
Hungry,D1_Hungry_0178.wav,7.0,16000,1
Hungry,D1_Hungry_0179.wav,7.0,16000,1
Hungry,D1_Hungry_0180.wav,7.0,16000,1
Hungry,D1_Hungry_0181.wav,7.0,16000,1
Hungry,D1_Hungry_0182.wav,7.0,16000,1
Hungry,D1_Hungry_0183.wav,6.68,16000,1
Hungry,D1_Hungry_0184.wav,6.68,16000,1
Hungry,D1_Hungry_0185.wav,7.0,16000,1
Hungry,D1_Hungry_0186.wav,7.0,16000,1
Hungry,D1_Hungry_0187.wav,7.0,16000,1
Hungry,D1_Hungry_0188.wav,7.0,16000,1
Hungry,D1_Hungry_0189.wav,7.06,16000,1
Hungry,D1_Hungry_0190.wav,6.68,16000,1
Hungry,D1_Hungry_0191.wav,6.96,16000,1
Hungry,D1_Hungry_0192.wav,6.9,16000,1
Hungry,D1_Hungry_0193.wav,6.94,16000,1
Hungry,D1_Hungry_0194.wav,6.96,16000,1
Hungry,D1_Hungry_0195.wav,6.94,16000,1
Hungry,D1_Hungry_0196.wav,7.0,16000,1
Hungry,D1_Hungry_0197.wav,7.0,16000,1
Hungry,D1_Hungry_0198.wav,7.04,16000,1
Hungry,D1_Hungry_0199.wav,7.06,16000,1
Hungry,D1_Hungry_0200.wav,7.04,16000,1
Hungry,D1_Hungry_0201.wav,6.78,16000,1
Hungry,D1_Hungry_0202.wav,6.92,16000,1
Hungry,D1_Hungry_0203.wav,6.92,16000,1
Hungry,D1_Hungry_0204.wav,6.74,16000,1
Hungry,D1_Hungry_0205.wav,7.0,16000,1
Hungry,D1_Hungry_0206.wav,6.64,16000,1
Hungry,D1_Hungry_0207.wav,6.96,16000,1
Hungry,D1_Hungry_0208.wav,6.94,16000,1
Hungry,D1_Hungry_0209.wav,6.66,16000,1
Hungry,D1_Hungry_0210.wav,6.68,16000,1
Hungry,D1_Hungry_0211.wav,6.66,16000,1
Hungry,D1_Hungry_0212.wav,6.92,16000,1
Hungry,D1_Hungry_0213.wav,6.92,16000,1
Hungry,D1_Hungry_0214.wav,6.92,16000,1
Hungry,D1_Hungry_0215.wav,6.92,16000,1
Hungry,D1_Hungry_0216.wav,6.92,16000,1
Hungry,D1_Hungry_0217.wav,6.96,16000,1
Hungry,D1_Hungry_0218.wav,6.92,16000,1
Hungry,D1_Hungry_0219.wav,6.92,16000,1
Hungry,D1_Hungry_0220.wav,6.94,16000,1
Hungry,D1_Hungry_0221.wav,7.0,16000,1
Hungry,D1_Hungry_0222.wav,7.0,16000,1
Hungry,D1_Hungry_0223.wav,7.0,16000,1
Hungry,D1_Hungry_0224.wav,6.94,16000,1
Hungry,D1_Hungry_0225.wav,7.02,16000,1
Hungry,D1_Hungry_0226.wav,6.78,16000,1
Hungry,D1_Hungry_0227.wav,6.78,16000,1
Hungry,D1_Hungry_0228.wav,7.0,16000,1
Hungry,D1_Hungry_0229.wav,6.72,16000,1
Hungry,D1_Hungry_0230.wav,7.0,16000,1
Hungry,D1_Hungry_0231.wav,6.9,16000,1
Hungry,D1_Hungry_0232.wav,6.9,16000,1
Hungry,D1_Hungry_0233.wav,6.9,16000,1
Hungry,D1_Hungry_0234.wav,6.9,16000,1
Hungry,D1_Hungry_0235.wav,6.54,16000,1
Hungry,D1_Hungry_0236.wav,6.54,16000,1
Hungry,D1_Hungry_0237.wav,7.0,16000,1
Hungry,D1_Hungry_0238.wav,7.0,16000,1
Hungry,D1_Hungry_0239.wav,7.0,16000,1
Hungry,D1_Hungry_0240.wav,7.0,16000,1
Hungry,D1_Hungry_0241.wav,7.0,16000,1
Hungry,D1_Hungry_0242.wav,6.92,16000,1
Hungry,D1_Hungry_0243.wav,6.92,16000,1
Hungry,D1_Hungry_0244.wav,6.94,16000,1
Hungry,D1_Hungry_0245.wav,6.94,16000,1
Hungry,D1_Hungry_0246.wav,7.0,16000,1
Hungry,D1_Hungry_0247.wav,7.0,16000,1
Hungry,D1_Hungry_0248.wav,7.0,16000,1
Hungry,D1_Hungry_0249.wav,7.0,16000,1
Hungry,D1_Hungry_0255.wav,7.0,16000,1
Hungry,D1_Hungry_0267.wav,7.0,16000,1
Hungry,D1_Hungry_0268.wav,7.0,16000,1
Hungry,D1_Hungry_0274.wav,7.0,16000,1
Hungry,D1_Hungry_0275.wav,7.0,16000,1
Hungry,D1_Hungry_0276.wav,7.0,16000,1
Hungry,D1_Hungry_0277.wav,7.0,16000,1
Hungry,D1_Hungry_0278.wav,7.0,16000,1
Hungry,D1_Hungry_0279.wav,7.0,16000,1
Hungry,D1_Hungry_0280.wav,7.0,16000,1
Hungry,D1_Hungry_0293.wav,7.0,16000,1
Hungry,D1_Hungry_0294.wav,7.0,16000,1
Hungry,D1_Hungry_0295.wav,7.0,16000,1
Hungry,D1_Hungry_0296.wav,7.0,16000,1
Hungry,D1_Hungry_0305.wav,7.0,16000,1
Hungry,D2_Hungry_0383.wav,6.94,16000,1
Hungry,D2_Hungry_0384.wav,6.94,16000,1
Hungry,D2_Hungry_0385.wav,6.9,16000,1
Hungry,D2_Hungry_0386.wav,6.9,16000,1
Hungry,D2_Hungry_0387.wav,6.96,16000,1
Hungry,D2_Hungry_0388.wav,6.98,16000,1
Hungry,D2_Hungry_0389.wav,6.9,16000,1
Hungry,D2_Hungry_0390.wav,6.96,16000,1
Hungry,D2_Hungry_0391.wav,6.84,16000,1
Hungry,D2_Hungry_0392.wav,6.94,16000,1
Hungry,D2_Hungry_0393.wav,6.96,16000,1
Hungry,D2_Hungry_0394.wav,6.94,16000,1
Hungry,D2_Hungry_0395.wav,6.96,16000,1
Hungry,D2_Hungry_0396.wav,6.96,16000,1
Hungry,D2_Hungry_0397.wav,6.86,16000,1
Hungry,D2_Hungry_0398.wav,6.86,16000,1
Hungry,D2_Hungry_0399.wav,6.86,16000,1
Hungry,D2_Hungry_0400.wav,6.78,16000,1
Hungry,D2_Hungry_0401.wav,7.18,16000,1
Hungry,D2_Hungry_0402.wav,6.92,16000,1
Hungry,D2_Hungry_0403.wav,6.92,16000,1
Hungry,D2_Hungry_0404.wav,6.88,16000,1
Hungry,D2_Hungry_0405.wav,6.94,16000,1
Hungry,D2_Hungry_0406.wav,6.86,16000,1
Hungry,D2_Hungry_0407.wav,6.66,16000,1
Hungry,D2_Hungry_0408.wav,6.9,16000,1
Hungry,D2_Hungry_0409.wav,6.9,16000,1
Hungry,D2_Hungry_0410.wav,6.86,16000,1
Hungry,D2_Hungry_0411.wav,7.04,16000,1
Hungry,D2_Hungry_0412.wav,7.06,16000,1
Hungry,D2_Hungry_0413.wav,6.88,16000,1
Hungry,D2_Hungry_0414.wav,6.96,16000,1
Hungry,D2_Hungry_0415.wav,6.88,16000,1
Hungry,D2_Hungry_0416.wav,6.92,16000,1
Hungry,D2_Hungry_0417.wav,6.86,16000,1
Hungry,D2_Hungry_0418.wav,6.86,16000,1
Hungry,D2_Hungry_0419.wav,6.98,16000,1
Hungry,D2_Hungry_0420.wav,6.92,16000,1
Hungry,D2_Hungry_0421.wav,6.96,16000,1
Hungry,D2_Hungry_0422.wav,6.94,16000,1
Hungry,D2_Hungry_0423.wav,6.68,16000,1
Hungry,D2_Hungry_0424.wav,6.66,16000,1
Hungry,D2_Hungry_0425.wav,6.74,16000,1
Hungry,D2_Hungry_0426.wav,6.76,16000,1
Hungry,D2_Hungry_0427.wav,6.74,16000,1
Hungry,D2_Hungry_0428.wav,6.74,16000,1
Hungry,D2_Hungry_0429.wav,6.76,16000,1
Hungry,D2_Hungry_0430.wav,6.94,16000,1
Hungry,D2_Hungry_0431.wav,6.78,16000,1
Hungry,D2_Hungry_0432.wav,6.9,16000,1
Hungry,D2_Hungry_0433.wav,6.96,16000,1
Hungry,D2_Hungry_0434.wav,6.9,16000,1
Hungry,D2_Hungry_0435.wav,6.86,16000,1
Hungry,D2_Hungry_0436.wav,6.92,16000,1
Hungry,D2_Hungry_0437.wav,6.92,16000,1
Hungry,D2_Hungry_0438.wav,6.92,16000,1
Hungry,D2_Hungry_0439.wav,6.92,16000,1
Hungry,D2_Hungry_0440.wav,6.84,16000,1
Hungry,D2_Hungry_0441.wav,6.86,16000,1
Hungry,D2_Hungry_0442.wav,7.06,16000,1
Hungry,D2_Hungry_0443.wav,7.06,16000,1
Hungry,D2_Hungry_0444.wav,6.66,16000,1
Hungry,D2_Hungry_0445.wav,7.06,16000,1
Hungry,D2_Hungry_0446.wav,7.06,16000,1
Hungry,D2_Hungry_0447.wav,7.06,16000,1
Hungry,D2_Hungry_0448.wav,7.06,16000,1
Hungry,D2_Hungry_0449.wav,7.06,16000,1
Hungry,D2_Hungry_0450.wav,7.06,16000,1
Hungry,D2_Hungry_0451.wav,7.06,16000,1
Hungry,D2_Hungry_0452.wav,7.04,16000,1
Hungry,D2_Hungry_0453.wav,6.94,16000,1
Hungry,D2_Hungry_0454.wav,6.9,16000,1
Hungry,D2_Hungry_0455.wav,6.78,16000,1
Hungry,D2_Hungry_0456.wav,6.78,16000,1
Hungry,D2_Hungry_0457.wav,6.78,16000,1
Hungry,D2_Hungry_0458.wav,6.78,16000,1
Hungry,D2_Hungry_0459.wav,6.78,16000,1
Hungry,D2_Hungry_0460.wav,6.78,16000,1
Hungry,D2_Hungry_0461.wav,6.56,16000,1
Hungry,D2_Hungry_0462.wav,6.9,16000,1
Hungry,D2_Hungry_0463.wav,6.92,16000,1
Hungry,D2_Hungry_0464.wav,6.86,16000,1
Hungry,D2_Hungry_0465.wav,6.88,16000,1
Hungry,D2_Hungry_0466.wav,6.86,16000,1
Hungry,D2_Hungry_0467.wav,6.86,16000,1
Hungry,D2_Hungry_0468.wav,6.86,16000,1
Hungry,D2_Hungry_0469.wav,6.68,16000,1
Hungry,D2_Hungry_0470.wav,6.96,16000,1
Hungry,D2_Hungry_0471.wav,6.96,16000,1
Hungry,D2_Hungry_0472.wav,7.12,16000,1
Hungry,D2_Hungry_0473.wav,6.96,16000,1
Hungry,D2_Hungry_0474.wav,6.94,16000,1
Hungry,D2_Hungry_0475.wav,6.62,16000,1
Hungry,D2_Hungry_0476.wav,6.92,16000,1
Hungry,D2_Hungry_0477.wav,6.92,16000,1
Hungry,D2_Hungry_0478.wav,6.86,16000,1
Hungry,D2_Hungry_0479.wav,6.92,16000,1
Hungry,D2_Hungry_0480.wav,6.92,16000,1
Hungry,D2_Hungry_0481.wav,6.66,16000,1
Hungry,D2_Hungry_0482.wav,6.62,16000,1
Hungry,D2_Hungry_0483.wav,6.86,16000,1
Hungry,D2_Hungry_0484.wav,6.88,16000,1
Hungry,D2_Hungry_0485.wav,6.72,16000,1
Hungry,D2_Hungry_0486.wav,6.72,16000,1
Hungry,D2_Hungry_0487.wav,6.94,16000,1
Hungry,D2_Hungry_0488.wav,6.96,16000,1
Hungry,D2_Hungry_0489.wav,6.94,16000,1
Hungry,D2_Hungry_0490.wav,6.94,16000,1
Hungry,D2_Hungry_0491.wav,6.96,16000,1
Hungry,D2_Hungry_0492.wav,6.86,16000,1
Hungry,D2_Hungry_0493.wav,6.94,16000,1
Hungry,D2_Hungry_0494.wav,6.92,16000,1
Hungry,D2_Hungry_0495.wav,6.88,16000,1
Hungry,D2_Hungry_0496.wav,6.82,16000,1
Hungry,D2_Hungry_0497.wav,6.64,16000,1
Hungry,D2_Hungry_0498.wav,6.9,16000,1
Hungry,D2_Hungry_0499.wav,6.96,16000,1
Hungry,D2_Hungry_0500.wav,6.94,16000,1
Hungry,D2_Hungry_0501.wav,6.68,16000,1
Hungry,D2_Hungry_0502.wav,6.68,16000,1
Hungry,D2_Hungry_0503.wav,6.68,16000,1
Hungry,D2_Hungry_0504.wav,6.96,16000,1
Hungry,D2_Hungry_0505.wav,6.9,16000,1
Hungry,D2_Hungry_0506.wav,6.94,16000,1
Hungry,D2_Hungry_0507.wav,6.96,16000,1
Hungry,D2_Hungry_0508.wav,6.94,16000,1
Hungry,D2_Hungry_0509.wav,7.04,16000,1
Hungry,D2_Hungry_0510.wav,7.06,16000,1
Hungry,D2_Hungry_0511.wav,7.04,16000,1
Hungry,D2_Hungry_0512.wav,6.78,16000,1
Hungry,D2_Hungry_0513.wav,6.92,16000,1
Hungry,D2_Hungry_0514.wav,6.92,16000,1
Hungry,D2_Hungry_0515.wav,6.74,16000,1
Hungry,D2_Hungry_0516.wav,6.64,16000,1
Hungry,D2_Hungry_0517.wav,6.96,16000,1
Hungry,D2_Hungry_0518.wav,6.94,16000,1
Hungry,D2_Hungry_0519.wav,6.66,16000,1
Hungry,D2_Hungry_0520.wav,6.66,16000,1
Hungry,D2_Hungry_0521.wav,6.92,16000,1
Hungry,D2_Hungry_0522.wav,6.92,16000,1
Hungry,D2_Hungry_0523.wav,6.92,16000,1
Hungry,D2_Hungry_0524.wav,6.96,16000,1
Hungry,D2_Hungry_0525.wav,6.92,16000,1
Hungry,D2_Hungry_0526.wav,6.94,16000,1
Hungry,D2_Hungry_0527.wav,6.94,16000,1
Hungry,D2_Hungry_0528.wav,7.02,16000,1
Hungry,D2_Hungry_0529.wav,6.78,16000,1
Hungry,D2_Hungry_0530.wav,6.78,16000,1
Hungry,D2_Hungry_0531.wav,6.7,16000,1
Hungry,D2_Hungry_0532.wav,6.72,16000,1
Hungry,D2_Hungry_0533.wav,6.9,16000,1
Hungry,D2_Hungry_0534.wav,6.9,16000,1
Hungry,D2_Hungry_0535.wav,6.9,16000,1
Hungry,D2_Hungry_0536.wav,6.9,16000,1
Hungry,D2_Hungry_0537.wav,6.54,16000,1
Hungry,D2_Hungry_0538.wav,6.54,16000,1
Hungry,D2_Hungry_0539.wav,6.54,16000,1
Hungry,D2_Hungry_0540.wav,6.92,16000,1
Hungry,D2_Hungry_0541.wav,6.92,16000,1
Hungry,D2_Hungry_0542.wav,6.94,16000,1
Hungry,D2_Hungry_0543.wav,6.94,16000,1
Hungry,D2_Hungry_0544.wav,6.66,16000,1
Hungry,D2_Hungry_0545.wav,6.86,16000,1
Hungry,D2_Hungry_0546.wav,6.94,16000,1
Hungry,D2_Hungry_0547.wav,6.92,16000,1
Hungry,D2_Hungry_0548.wav,6.96,16000,1
Hungry,D2_Hungry_0549.wav,6.96,16000,1
Hungry,D2_Hungry_0550.wav,7.04,16000,1
Hungry,D2_Hungry_0551.wav,6.94,16000,1
Hungry,D2_Hungry_0552.wav,7.04,16000,1
Hungry,D2_Hungry_0553.wav,6.88,16000,1
Hungry,D2_Hungry_0554.wav,6.92,16000,1
Hungry,D2_Hungry_0555.wav,6.9,16000,1
Hungry,D2_Hungry_0556.wav,6.9,16000,1
Hungry,D2_Hungry_0557.wav,6.92,16000,1
Hungry,D2_Hungry_0558.wav,7.02,16000,1
Hungry,D2_Hungry_0559.wav,6.86,16000,1
Hungry,D2_Hungry_0560.wav,6.92,16000,1
Hungry,D2_Hungry_0561.wav,6.92,16000,1
Hungry,D2_Hungry_0562.wav,6.94,16000,1
Hungry,D2_Hungry_0563.wav,6.88,16000,1
Hungry,D2_Hungry_0564.wav,6.9,16000,1
Hungry,D2_Hungry_0565.wav,6.96,16000,1
Hungry,D2_Hungry_0566.wav,6.76,16000,1
Hungry,D2_Hungry_0567.wav,6.52,16000,1
Hungry,D2_Hungry_0568.wav,6.92,16000,1
Hungry,D2_Hungry_0569.wav,6.66,16000,1
Hungry,D2_Hungry_0570.wav,6.66,16000,1
Hungry,D2_Hungry_0571.wav,6.66,16000,1
Hungry,D2_Hungry_0572.wav,6.96,16000,1
Hungry,D2_Hungry_0573.wav,6.78,16000,1
Hungry,D2_Hungry_0574.wav,6.88,16000,1
Hungry,D2_Hungry_0575.wav,6.88,16000,1
Hungry,D2_Hungry_0576.wav,6.64,16000,1
Hungry,D2_Hungry_0577.wav,6.78,16000,1
Hungry,D2_Hungry_0578.wav,6.78,16000,1
Hungry,D2_Hungry_0579.wav,6.78,16000,1
Hungry,D2_Hungry_0580.wav,6.78,16000,1
Hungry,D2_Hungry_0581.wav,6.78,16000,1
Hungry,D2_Hungry_0582.wav,6.78,16000,1
Hungry,D2_Hungry_0583.wav,6.78,16000,1
Hungry,D2_Hungry_0584.wav,6.78,16000,1
Hungry,D2_Hungry_0585.wav,6.72,16000,1
Hungry,D2_Hungry_0586.wav,6.9,16000,1
Hungry,D2_Hungry_0587.wav,6.78,16000,1
Hungry,D2_Hungry_0588.wav,7.06,16000,1
Hungry,D2_Hungry_0589.wav,6.94,16000,1
Hungry,D2_Hungry_0590.wav,6.92,16000,1
Hungry,D2_Hungry_0591.wav,6.86,16000,1
Hungry,D2_Hungry_0592.wav,6.94,16000,1
Hungry,D2_Hungry_0593.wav,6.94,16000,1
Hungry,D2_Hungry_0594.wav,6.94,16000,1
Hungry,D2_Hungry_0595.wav,6.9,16000,1
Hungry,D2_Hungry_0596.wav,6.92,16000,1
Hungry,D2_Hungry_0597.wav,6.64,16000,1
Hungry,D2_Hungry_0598.wav,6.82,16000,1
Hungry,D2_Hungry_0599.wav,6.84,16000,1
Hungry,D2_Hungry_0600.wav,6.82,16000,1
Hungry,D2_Hungry_0601.wav,6.84,16000,1
Hungry,D2_Hungry_0602.wav,6.9,16000,1
Hungry,D2_Hungry_0604.wav,6.66,16000,1
Hungry,D2_Hungry_0605.wav,6.64,16000,1
Hungry,D2_Hungry_0606.wav,6.92,16000,1
Hungry,D2_Hungry_0607.wav,6.92,16000,1
Hungry,D2_Hungry_0608.wav,6.76,16000,1
Hungry,D2_Hungry_0609.wav,6.88,16000,1
Hungry,D2_Hungry_0610.wav,6.92,16000,1
Hungry,D2_Hungry_0611.wav,6.92,16000,1
Hungry,D2_Hungry_0612.wav,6.92,16000,1
Hungry,D2_Hungry_0613.wav,6.92,16000,1
Hungry,D2_Hungry_0614.wav,6.96,16000,1
Hungry,D2_Hungry_0615.wav,6.92,16000,1
Hungry,D2_Hungry_0616.wav,6.92,16000,1
Hungry,D2_Hungry_0617.wav,6.9,16000,1
Hungry,D2_Hungry_0618.wav,6.64,16000,1
Hungry,D2_Hungry_0619.wav,6.64,16000,1
Hungry,D2_Hungry_0620.wav,6.64,16000,1
Hungry,D2_Hungry_0621.wav,6.64,16000,1
Hungry,D2_Hungry_0622.wav,6.94,16000,1
Hungry,D2_Hungry_0623.wav,6.96,16000,1
Hungry,D2_Hungry_0624.wav,6.9,16000,1
Hungry,D2_Hungry_0625.wav,6.9,16000,1
Hungry,D2_Hungry_0626.wav,6.98,16000,1
Hungry,D2_Hungry_0627.wav,7.06,16000,1
Hungry,D2_Hungry_0628.wav,6.92,16000,1
Hungry,D2_Hungry_0629.wav,6.9,16000,1
Hungry,D2_Hungry_0630.wav,6.9,16000,1
Hungry,D2_Hungry_0631.wav,6.74,16000,1
Hungry,D2_Hungry_0632.wav,6.74,16000,1
Hungry,D2_Hungry_0633.wav,6.76,16000,1
Temperature Discomfort,D1_Temperature_Discomfort_0011.wav,6.52,16000,1
Temperature Discomfort,D1_Temperature_Discomfort_0056.wav,7.0,16000,1
Temperature Discomfort,D1_Temperature_Discomfort_0059.wav,7.0,16000,1
Temperature Discomfort,D1_Temperature_Discomfort_0061.wav,7.0,16000,1
Temperature Discomfort,D1_Temperature_Discomfort_0097.wav,6.68,16000,1
Temperature Discomfort,D1_Temperature_Discomfort_0100.wav,6.66,16000,1
Temperature Discomfort,D2_Temperature_Discomfort_0101.wav,6.9,16000,1
Temperature Discomfort,D2_Temperature_Discomfort_0102.wav,6.9,16000,1
Temperature Discomfort,D2_Temperature_Discomfort_0103.wav,6.9,16000,1
Temperature Discomfort,D2_Temperature_Discomfort_0104.wav,6.9,16000,1
Temperature Discomfort,D2_Temperature_Discomfort_0105.wav,6.9,16000,1
Temperature Discomfort,D2_Temperature_Discomfort_0106.wav,6.84,16000,1
Temperature Discomfort,D2_Temperature_Discomfort_0107.wav,6.66,16000,1
Tired,D1_Tired_0100.wav,7.0,16000,1
Tired,D1_Tired_0101.wav,7.0,16000,1
Tired,D1_Tired_0112.wav,7.0,16000,1
Tired,D1_Tired_0113.wav,7.0,16000,1
Tired,D1_Tired_0114.wav,7.0,16000,1
Tired,D2_Tired_0133.wav,6.68,16000,1
Tired,D2_Tired_0134.wav,6.66,16000,1
Tired,D2_Tired_0135.wav,6.52,16000,1
Tired,D2_Tired_0136.wav,6.92,16000,1
Tired,D2_Tired_0137.wav,6.78,16000,1
Tired,D2_Tired_0138.wav,6.96,16000,1
Tired,D2_Tired_0139.wav,6.94,16000,1
Tired,D2_Tired_0140.wav,6.94,16000,1
Tired,D2_Tired_0141.wav,6.94,16000,1
Tired,D2_Tired_0142.wav,6.92,16000,1
Tired,D2_Tired_0143.wav,6.88,16000,1
Tired,D2_Tired_0144.wav,6.82,16000,1
Tired,D2_Tired_0145.wav,6.82,16000,1
Tired,D2_Tired_0146.wav,6.84,16000,1
